name,slide_mean,slide_std,patient_mean,patient_std,n_folds
Fusion_Smart_TransMIL_UNI_p4000_bs32_original_one_hot,0.668315930257845,0.026900208532661302,0.668315930257845,0.026900208532661302,5
WSI_ABMIL_Midnight_p100_bsFull_original_None,0.6438014613665477,0.06918342102049237,0.6438014613665477,0.06918342102049237,5
EarlyEnsemble_Fusion_Naive_ABMIL_VirchowMidnight_p4000_bs32_original_one_hot,0.6402995356605287,0.05085659936150076,0.6402995356605287,0.05085659936150076,5
EarlyEnsemble_Fusion_Naive_TransMIL_VirchowMidnight_p1000_bsFull_original_label_enc,0.6432829668758657,0.04793204763512262,0.6432829668758657,0.04793204763512262,5
WSI_ABMIL_UNI_p4000_bsFull_binary_None,0.6502697128068393,0.059796647713404684,0.6502697128068393,0.059796647713404684,5
EarlyEnsemble_Fusion_Smart_MeanMIL_VirchowMidnight_p100_bs32_binary_label_enc,0.6718737125773799,0.05308508607540452,0.6718737125773799,0.05308508607540452,5
Fusion_Smart_MeanMIL_Midnight_p4000_bsFull_original_label_enc,0.6572483926622514,0.05887720352710358,0.6572483926622514,0.05887720352710358,5
Fusion_Smart_MeanMIL_UNI_p4000_bsFull_original_label_enc,0.6690484981525933,0.05984472142715216,0.6690484981525933,0.05984472142715216,5
EarlyEnsemble_Fusion_Smart_MeanMIL_VirchowMidnight_p1000_bs32_binary_label_enc,0.6594345236099024,0.061187149795444276,0.6594345236099024,0.061187149795444276,5
EarlyEnsemble_Fusion_Smart_MeanMIL_VirchowMidnight_p4000_bs32_original_label_enc,0.6614487619058489,0.047039813865688763,0.6614487619058489,0.047039813865688763,5
WSI_MeanMIL_UNI_p100_bsFull_binary_None,0.6543200156659439,0.04169149453412102,0.6543200156659439,0.04169149453412102,5
Fusion_Smart_ABMIL_Midnight_p100_bsFull_original_label_enc,0.6631360221199026,0.06534540107776161,0.6631360221199026,0.06534540107776161,5
Fusion_Naive_MeanMIL_UNI_p1000_bsFull_original_label_enc,0.6495715937290681,0.042357463802498,0.6495715937290681,0.042357463802498,5
WSI_ABMIL_Virchow_p4000_bs32_original_None,0.6437053379804755,0.03989865820186986,0.6437053379804755,0.03989865820186986,5
Fusion_Smart_MeanMIL_Midnight_p4000_bsFull_original_one_hot,0.6524230638319773,0.06341538735238018,0.6524230638319773,0.06341538735238018,5
Fusion_Smart_TransMIL_UNI_p1000_bs32_original_label_enc,0.6756386939580582,0.03989727501618569,0.6756386939580582,0.03989727501618569,5
Fusion_Smart_TransMIL_Virchow_p4000_bs32_original_one_hot,0.6325665830631715,0.04909629966559726,0.6325665830631715,0.04909629966559726,5
Fusion_Smart_ABMIL_UNI_p1000_bs32_original_one_hot,0.6609696479898775,0.04153949757153093,0.6609696479898775,0.04153949757153093,5
SampleEff_50pct_WSI_MeanMIL_Midnight_p1000_bsFull_original,0.6003355033080382,0.0888236540729566,0.6003355033080382,0.0888236540729566,5
Fusion_Smart_TransMIL_UNI_p1000_bsFull_original_one_hot,0.6865904163539903,0.023499814824616893,0.6865904163539903,0.023499814824616893,5
EarlyEnsemble_Fusion_Smart_ABMIL_VirchowMidnight_p1000_bsFull_original_one_hot,0.6619491156387429,0.04869663708487091,0.6619491156387429,0.04869663708487091,5
Fusion_Smart_ABMIL_Virchow_p1000_bsFull_original_one_hot,0.6581857859617968,0.046043836306920195,0.6581857859617968,0.046043836306920195,5
Fusion_Naive_TransMIL_UNI_p4000_bsFull_original_label_enc,0.6647913984483085,0.040620548136142985,0.6647913984483085,0.040620548136142985,5
Fusion_Naive_MeanMIL_UNI_p1000_bs32_original_one_hot,0.6526127156374493,0.04086917016472184,0.6526127156374493,0.04086917016472184,5
Fusion_Naive_MeanMIL_Virchow_p1000_bsFull_original_label_enc,0.6462975551249904,0.06161612132692183,0.6462975551249904,0.06161612132692183,5
Fusion_Naive_MeanMIL_Midnight_p100_bs32_original_one_hot,0.6598131344184667,0.06822755555340826,0.6598131344184667,0.06822755555340826,5
EarlyEnsemble_WSI_MeanMIL_VirchowMidnight_p4000_bs32_original_None,0.6431721688837471,0.043492824562697124,0.6431721688837471,0.043492824562697124,5
EarlyEnsemble_Fusion_Smart_ABMIL_VirchowMidnight_p100_bs32_binary_one_hot,0.6563545364647128,0.05216704369597861,0.6563545364647128,0.05216704369597861,5
Fusion_Naive_TransMIL_Virchow_p4000_bsFull_original_one_hot,0.6397733309875334,0.04736635431084417,0.6397733309875334,0.04736635431084417,5
WSI_TransMIL_UNI_p1000_bsFull_binary_None,0.6612709806832389,0.0375751691538214,0.6612709806832389,0.0375751691538214,5
Fusion_Naive_MeanMIL_Virchow_p100_bsFull_original_one_hot,0.6502282048469946,0.045073456188287134,0.6502282048469946,0.045073456188287134,5
WSI_MeanMIL_Midnight_p100_bs32_binary_None,0.647788216174335,0.0691133949335565,0.647788216174335,0.0691133949335565,5
Fusion_Smart_TransMIL_Midnight_p4000_bsFull_binary_one_hot,0.6443948162142428,0.059993078993227325,0.6443948162142428,0.059993078993227325,5
Fusion_Naive_ABMIL_UNI_p4000_bs32_original_label_enc,0.665904206659197,0.05805550144481603,0.665904206659197,0.05805550144481603,5
Fusion_Naive_TransMIL_Virchow_p4000_bsFull_binary_label_enc,0.641414307564485,0.04779393711805763,0.641414307564485,0.04779393711805763,5
Fusion_Smart_TransMIL_Midnight_p4000_bs32_binary_one_hot,0.6555780290370403,0.05765934837120698,0.6555780290370403,0.05765934837120698,5
Fusion_Naive_ABMIL_Virchow_p1000_bs32_original_one_hot,0.6592445194245531,0.04922065830982564,0.6592445194245531,0.04922065830982564,5
EarlyEnsemble_Fusion_Smart_TransMIL_VirchowMidnight_p100_bs32_original_one_hot,0.6491319467098793,0.06415862191001771,0.6491319467098793,0.06415862191001771,5
EarlyEnsemble_WSI_TransMIL_VirchowMidnight_p100_bsFull_original_None,0.6474972593690431,0.04835907445919573,0.6474972593690431,0.04835907445919573,5
WSI_ABMIL_Midnight_p1000_bsFull_original_None,0.6398449049630772,0.0790272557559173,0.6398449049630772,0.0790272557559173,5
Fusion_Naive_TransMIL_UNI_p100_bs32_original_label_enc,0.6598498906248305,0.040966245274050905,0.6598498906248305,0.040966245274050905,5
WSI_TransMIL_UNI_p4000_bs32_original_None,0.667165817247952,0.06103214167256425,0.667165817247952,0.06103214167256425,5
EarlyEnsemble_WSI_MeanMIL_VirchowMidnight_p1000_bs32_original_None,0.64019077435923,0.05300250516393953,0.64019077435923,0.05300250516393953,5
Fusion_Smart_MeanMIL_UNI_p100_bs32_original_one_hot,0.6657814590429999,0.03860232223242458,0.6657814590429999,0.03860232223242458,5
Fusion_Naive_ABMIL_Virchow_p1000_bsFull_original_one_hot,0.6526807302453352,0.04642851676438855,0.6526807302453352,0.04642851676438855,5
Fusion_Naive_ABMIL_Midnight_p1000_bsFull_original_label_enc,0.6394004263931943,0.07675579947893436,0.6394004263931943,0.07675579947893436,5
TSOnly_Fusion_Naive_MeanMIL_Midnight_p1000_bsFull_binary_one_hot,0.6398923459719444,0.03133360796606732,0.6398923459719444,0.03133360796606732,5
Fusion_Smart_MeanMIL_Midnight_p4000_bsFull_binary_label_enc,0.6594552035305028,0.06462643469022,0.6594552035305028,0.06462643469022,5
Fusion_Smart_ABMIL_Midnight_p4000_bsFull_original_one_hot,0.649391994447156,0.07787809160077443,0.649391994447156,0.07787809160077443,5
Fusion_Naive_TransMIL_Virchow_p1000_bsFull_original_one_hot,0.6307473389104324,0.05679174207834964,0.6307473389104324,0.05679174207834964,5
Fusion_Smart_MeanMIL_UNI_p100_bsFull_binary_one_hot,0.6675523500927335,0.039812548939384296,0.6675523500927335,0.039812548939384296,5
Fusion_Smart_TransMIL_Virchow_p1000_bs32_binary_label_enc,0.6490940848403506,0.04741055511533519,0.6490940848403506,0.04741055511533519,5
LossComp_ranking_Fusion_Naive_ABMIL_Midnight_p1000_bs32_binary_one_hot,0.6308450560692525,0.061850716280370546,0.6308450560692525,0.061850716280370546,5
Fusion_Smart_ABMIL_Midnight_p4000_bs32_original_label_enc,0.6465474839768578,0.07396327724721956,0.6465474839768578,0.07396327724721956,5
Fusion_Smart_MeanMIL_Virchow_p100_bsFull_original_one_hot,0.6653581834775044,0.043345803054636776,0.6653581834775044,0.043345803054636776,5
WSI_MeanMIL_UNI_p100_bsFull_original_None,0.6580724210755823,0.04194309013052009,0.6580724210755823,0.04194309013052009,5
Fusion_Naive_TransMIL_UNI_p1000_bsFull_original_one_hot,0.6543296215081795,0.03834120550445793,0.6543296215081795,0.03834120550445793,5
EarlyEnsemble_WSI_TransMIL_VirchowMidnight_p1000_bsFull_binary_None,0.6253588346896513,0.053529381618571154,0.6253588346896513,0.053529381618571154,5
Fusion_Naive_MeanMIL_UNI_p1000_bs32_binary_one_hot,0.6508398508716249,0.03690552271186449,0.6508398508716249,0.03690552271186449,5
TSOnly_Fusion_Naive_MeanMIL_Midnight_p1000_bs32_original_label_enc,0.635897187276548,0.026631502885468943,0.635897187276548,0.026631502885468943,5
EarlyEnsemble_Fusion_Naive_ABMIL_VirchowMidnight_p4000_bsFull_binary_label_enc,0.6522544136471701,0.05010143703449101,0.6522544136471701,0.05010143703449101,5
Fusion_Smart_TransMIL_Midnight_p1000_bsFull_original_label_enc,0.6700108063044397,0.06068042991695261,0.6700108063044397,0.06068042991695261,5
EarlyEnsemble_Fusion_Smart_MeanMIL_VirchowMidnight_p1000_bs32_binary_one_hot,0.6505663717314102,0.05354197963075196,0.6505663717314102,0.05354197963075196,5
WSI_MeanMIL_Midnight_p1000_bs32_binary_None,0.6396447011572788,0.08594983385140603,0.6396447011572788,0.08594983385140603,5
TSOnly_WSI_ABMIL_UNI_p4000_bsFull_original_None,0.6530785596330713,0.03690220020839005,0.6530785596330713,0.03690220020839005,5
Fusion_Smart_TransMIL_Virchow_p1000_bsFull_binary_label_enc,0.6650424203911648,0.042659425468664,0.6650424203911648,0.042659425468664,5
Fusion_Smart_ABMIL_Virchow_p100_bs32_binary_label_enc,0.6691581061229914,0.05286308983764256,0.6691581061229914,0.05286308983764256,5
LossComp_logistic_hazard_Fusion_Naive_MeanMIL_Midnight_p1000_bs32_original_label_enc,0.626470818941139,0.056446992830104153,0.626470818941139,0.056446992830104153,5
EarlyEnsemble_Fusion_Smart_ABMIL_VirchowMidnight_p100_bsFull_original_one_hot,0.6611129187708024,0.04884399282784545,0.6611129187708024,0.04884399282784545,5
Fusion_Naive_TransMIL_Midnight_p1000_bsFull_binary_one_hot,0.6509855495197915,0.07766835119283517,0.6509855495197915,0.07766835119283517,5
Fusion_Smart_ABMIL_UNI_p100_bs32_original_label_enc,0.6778591197524293,0.04284747382490308,0.6778591197524293,0.04284747382490308,5
WSI_ABMIL_Midnight_p1000_bs32_binary_None,0.6494508738496066,0.08673038276307149,0.6494508738496066,0.08673038276307148,5
Fusion_Naive_TransMIL_Virchow_p1000_bsFull_original_label_enc,0.6330554362512515,0.06040444094530367,0.6330554362512515,0.06040444094530367,5
Fusion_Naive_MeanMIL_UNI_p1000_bs32_binary_label_enc,0.6491558986802477,0.054023561789255506,0.6491558986802477,0.054023561789255506,5
Fusion_Smart_ABMIL_Midnight_p1000_bs32_binary_one_hot,0.6575738023596515,0.06288799739593844,0.6575738023596515,0.06288799739593844,5
Fusion_Smart_MeanMIL_Midnight_p4000_bsFull_binary_one_hot,0.6540612722545587,0.06020893438212916,0.6540612722545587,0.06020893438212916,5
Fusion_Smart_TransMIL_Midnight_p100_bsFull_binary_label_enc,0.6598318256824504,0.07354548245191068,0.6598318256824504,0.07354548245191068,5
Fusion_Smart_ABMIL_UNI_p4000_bsFull_binary_one_hot,0.6647796333673053,0.046268193679740985,0.6647796333673053,0.046268193679740985,5
EarlyEnsemble_WSI_ABMIL_VirchowMidnight_p4000_bs32_original_None,0.6546694343314963,0.053621550140902696,0.6546694343314963,0.053621550140902696,5
Fusion_Smart_MeanMIL_Midnight_p100_bs32_original_one_hot,0.6683205178493442,0.05473706669917656,0.6683205178493442,0.05473706669917656,5
WSI_MeanMIL_Virchow_p100_bsFull_original_None,0.6471805908731736,0.04767914997652592,0.6471805908731736,0.04767914997652592,5
EarlyEnsemble_Fusion_Smart_MeanMIL_VirchowMidnight_p100_bsFull_original_label_enc,0.6684498522870401,0.0456809333051604,0.6684498522870401,0.0456809333051604,5
WSI_TransMIL_Virchow_p100_bs32_binary_None,0.6608224018341624,0.06359784986267468,0.6608224018341624,0.06359784986267468,5
Fusion_Smart_TransMIL_Midnight_p4000_bsFull_original_label_enc,0.6499421102405513,0.07525791478074188,0.6499421102405513,0.07525791478074188,5
TSOnly_Fusion_Naive_ABMIL_Midnight_p1000_bs32_binary_one_hot,0.6351909972781209,0.030159223602026507,0.6351909972781209,0.030159223602026507,5
LossComp_ranking_Fusion_Naive_MeanMIL_Midnight_p1000_bs32_original_label_enc,0.6280878219709798,0.0648185675131347,0.6280878219709798,0.0648185675131347,5
Fusion_Smart_MeanMIL_Midnight_p1000_bsFull_original_one_hot,0.6606426087993752,0.06999209913091482,0.6606426087993752,0.06999209913091482,5
Fusion_Smart_TransMIL_UNI_p1000_bs32_original_one_hot,0.6644705580321772,0.0460149064007239,0.6644705580321772,0.0460149064007239,5
Fusion_Smart_ABMIL_UNI_p4000_bsFull_original_label_enc,0.6687165395503446,0.04573608033959955,0.6687165395503446,0.04573608033959955,5
EarlyEnsemble_Fusion_Naive_TransMIL_VirchowMidnight_p100_bs32_binary_one_hot,0.6588984033460515,0.06036516174666765,0.6588984033460515,0.06036516174666765,5
Fusion_Smart_TransMIL_UNI_p100_bsFull_original_label_enc,0.666730174029676,0.05036829696918545,0.666730174029676,0.05036829696918545,5
EarlyEnsemble_WSI_MeanMIL_VirchowMidnight_p100_bsFull_original_None,0.6525583508499088,0.05159203407473441,0.6525583508499088,0.05159203407473441,5
Fusion_Smart_MeanMIL_UNI_p1000_bs32_original_label_enc,0.6591857079258433,0.039178848553549105,0.6591857079258433,0.039178848553549105,5
Fusion_Smart_TransMIL_Midnight_p100_bs32_original_one_hot,0.6660393944475744,0.0655698718649567,0.6660393944475744,0.0655698718649567,5
Fusion_Smart_MeanMIL_UNI_p4000_bsFull_original_one_hot,0.6546395834764062,0.05350324558630271,0.6546395834764062,0.05350324558630271,5
EarlyEnsemble_Fusion_Naive_ABMIL_VirchowMidnight_p4000_bs32_binary_one_hot,0.6448582080639785,0.05708606580109221,0.6448582080639785,0.05708606580109221,5
Fusion_Naive_MeanMIL_Midnight_p4000_bs32_original_one_hot,0.6473830210108017,0.0705936466199619,0.6473830210108017,0.0705936466199619,5
Fusion_Smart_ABMIL_Virchow_p100_bsFull_original_label_enc,0.667397741639981,0.03619101364648443,0.667397741639981,0.03619101364648443,5
Fusion_Smart_MeanMIL_Midnight_p100_bs32_binary_label_enc,0.6760670126895458,0.07445643725623421,0.6760670126895458,0.07445643725623421,5
Fusion_Naive_TransMIL_UNI_p1000_bs32_binary_label_enc,0.6570693956667046,0.046660824796706336,0.6570693956667046,0.046660824796706336,5
WSI_TransMIL_Virchow_p4000_bs32_binary_None,0.6355476921339773,0.03576501787232599,0.6355476921339773,0.03576501787232599,5
EarlyEnsemble_WSI_TransMIL_VirchowMidnight_p4000_bsFull_original_None,0.6208394804217512,0.03995115538004277,0.6208394804217512,0.03995115538004277,5
WSI_TransMIL_UNI_p100_bs32_original_None,0.6488120190273868,0.05051720941871424,0.6488120190273868,0.05051720941871424,5
EarlyEnsemble_Fusion_Smart_MeanMIL_VirchowMidnight_p4000_bsFull_binary_one_hot,0.6400335894823964,0.04951115049668873,0.6400335894823964,0.04951115049668873,5
Fusion_Smart_TransMIL_Virchow_p100_bs32_binary_one_hot,0.6791485392780098,0.04864246057067696,0.6791485392780098,0.04864246057067696,5
EarlyEnsemble_Fusion_Smart_ABMIL_VirchowMidnight_p1000_bs32_binary_label_enc,0.6618566804280182,0.05192101013805335,0.6618566804280182,0.05192101013805335,5
EarlyEnsemble_Fusion_Smart_ABMIL_VirchowMidnight_p1000_bsFull_binary_label_enc,0.6658158501771567,0.051676978552025035,0.6658158501771567,0.051676978552025035,5
WSI_MeanMIL_UNI_p4000_bsFull_original_None,0.6525045081154466,0.05779443900298101,0.6525045081154466,0.05779443900298101,5
Fusion_Smart_MeanMIL_Midnight_p1000_bs32_binary_one_hot,0.6575923630828572,0.06372593068493486,0.6575923630828572,0.06372593068493486,5
Fusion_Smart_TransMIL_Midnight_p1000_bsFull_binary_one_hot,0.6642294027824286,0.05964563168209392,0.6642294027824286,0.05964563168209392,5
Fusion_Naive_TransMIL_Virchow_p1000_bs32_binary_label_enc,0.6466323312851168,0.05256339396600125,0.6466323312851168,0.05256339396600125,5
Fusion_Naive_ABMIL_Virchow_p100_bsFull_binary_label_enc,0.6467400668010399,0.04720572796412159,0.6467400668010399,0.04720572796412159,5
Fusion_Smart_TransMIL_UNI_p1000_bsFull_binary_label_enc,0.6651879076112084,0.037996815636346104,0.6651879076112084,0.037996815636346104,5
Fusion_Smart_ABMIL_Virchow_p100_bsFull_binary_one_hot,0.6525027607382642,0.047628791305824855,0.6525027607382642,0.047628791305824855,5
Fusion_Smart_TransMIL_UNI_p100_bs32_original_one_hot,0.6695311150167436,0.042467028927625314,0.6695311150167436,0.042467028927625314,5
WSI_MeanMIL_UNI_p1000_bs32_original_None,0.6539146827292496,0.04649671388955714,0.6539146827292496,0.04649671388955714,5
EarlyEnsemble_Fusion_Naive_MeanMIL_VirchowMidnight_p100_bsFull_original_label_enc,0.6561529884575654,0.055347444086850224,0.6561529884575654,0.055347444086850224,5
Fusion_Naive_MeanMIL_UNI_p100_bs32_binary_label_enc,0.6621556403720048,0.042292279792692046,0.6621556403720048,0.042292279792692046,5
WSI_ABMIL_Virchow_p4000_bs32_binary_None,0.6385286946463005,0.03819214037965853,0.6385286946463005,0.03819214037965853,5
Fusion_Naive_TransMIL_Midnight_p4000_bsFull_original_label_enc,0.634238057609813,0.06496520983133897,0.634238057609813,0.06496520983133897,5
WSI_MeanMIL_Midnight_p4000_bsFull_binary_None,0.6465177719295736,0.06844457662951374,0.6465177719295736,0.06844457662951374,5
Fusion_Naive_MeanMIL_Midnight_p1000_bs32_binary_label_enc,0.6371080005360718,0.0727875297995692,0.6371080005360718,0.0727875297995692,5
WSI_MeanMIL_Midnight_p100_bsFull_binary_None,0.6466835685740095,0.07019346031430146,0.6466835685740095,0.07019346031430146,5
Fusion_Naive_TransMIL_Virchow_p100_bsFull_binary_label_enc,0.6585738686732713,0.048505566835041196,0.6585738686732713,0.048505566835041196,5
WSI_TransMIL_Virchow_p4000_bs32_original_None,0.6451097908959639,0.04586442320189703,0.6451097908959639,0.04586442320189703,5
Fusion_Smart_MeanMIL_Virchow_p100_bs32_binary_one_hot,0.6511041119042206,0.043549006884930394,0.6511041119042206,0.043549006884930394,5
Fusion_Naive_ABMIL_UNI_p1000_bsFull_binary_one_hot,0.6509376938420095,0.04220356299290042,0.6509376938420095,0.04220356299290042,5
TSOnly_Fusion_Naive_MeanMIL_Midnight_p1000_bs32_original_one_hot,0.643693506235939,0.030044252858654148,0.643693506235939,0.030044252858654148,5
Fusion_Naive_MeanMIL_Virchow_p100_bs32_original_one_hot,0.6612449947336041,0.05134687678702839,0.6612449947336041,0.05134687678702839,5
Fusion_Naive_MeanMIL_Midnight_p100_bsFull_binary_label_enc,0.6533230554942137,0.07867542929818815,0.6533230554942137,0.07867542929818815,5
Fusion_Naive_ABMIL_Virchow_p100_bsFull_original_label_enc,0.6456260907759984,0.04961033029677034,0.6456260907759984,0.04961033029677034,5
TSOnly_Fusion_Naive_MeanMIL_UNI_p4000_bs32_original_one_hot,0.6490131726651666,0.044200280856681526,0.6490131726651666,0.044200280856681526,5
EarlyEnsemble_WSI_TransMIL_VirchowMidnight_p100_bs32_binary_None,0.6608599411364686,0.047912699264728,0.6608599411364686,0.047912699264728,5
Fusion_Naive_MeanMIL_Midnight_p1000_bs32_original_label_enc,0.6406693340066463,0.07908950757016786,0.6406693340066463,0.07908950757016786,5
Fusion_Smart_MeanMIL_Midnight_p1000_bsFull_original_label_enc,0.6579742877590578,0.07502054110285515,0.6579742877590578,0.07502054110285515,5
Fusion_Smart_TransMIL_Virchow_p1000_bs32_binary_one_hot,0.6468567709912474,0.05172940873437598,0.6468567709912474,0.05172940873437598,5
WSI_MeanMIL_Virchow_p4000_bsFull_binary_None,0.6422678332841765,0.05233951064479999,0.6422678332841765,0.05233951064479999,5
WSI_TransMIL_Midnight_p100_bsFull_original_None,0.665708980408596,0.05714503442308747,0.665708980408596,0.05714503442308747,5
EarlyEnsemble_Fusion_Naive_MeanMIL_VirchowMidnight_p100_bsFull_binary_one_hot,0.6531161966797467,0.051700139891241934,0.6531161966797467,0.051700139891241934,5
WSI_ABMIL_Midnight_p4000_bsFull_binary_None,0.6275830253578554,0.07135539504092728,0.6275830253578554,0.07135539504092728,5
EarlyEnsemble_Fusion_Smart_TransMIL_VirchowMidnight_p4000_bs32_binary_label_enc,0.6383779846112394,0.03793583810106128,0.6383779846112394,0.03793583810106128,5
LossComp_logistic_hazard_Fusion_Naive_ABMIL_Midnight_p1000_bs32_original_label_enc,0.6360923606541128,0.05349782324607049,0.6360923606541128,0.05349782324607049,5
SampleEff_75pct_WSI_MeanMIL_UNI_p1000_bsFull_original,0.6354249054490438,0.05408085044697142,0.6354249054490438,0.05408085044697142,5
Fusion_Smart_TransMIL_Midnight_p1000_bsFull_original_one_hot,0.6546221743944327,0.050434448745063996,0.6546221743944327,0.050434448745063996,5
LossComp_logistic_hazard_Fusion_Naive_MeanMIL_UNI_p1000_bs32_binary_one_hot,0.6201679996278152,0.049436872660111666,0.6201679996278152,0.049436872660111666,5
Fusion_Naive_MeanMIL_UNI_p1000_bs32_original_label_enc,0.6478322459345018,0.048094521930360914,0.6478322459345018,0.048094521930360914,5
Fusion_Naive_ABMIL_UNI_p4000_bs32_binary_label_enc,0.6540825373641878,0.05633684405562643,0.6540825373641878,0.05633684405562643,5
EarlyEnsemble_Fusion_Smart_TransMIL_VirchowMidnight_p100_bs32_binary_label_enc,0.6669921172117685,0.061730915254733204,0.6669921172117685,0.061730915254733204,5
EarlyEnsemble_Fusion_Smart_MeanMIL_VirchowMidnight_p4000_bs32_original_one_hot,0.6440865642393712,0.04825023759937603,0.6440865642393712,0.04825023759937603,5
Fusion_Naive_TransMIL_Virchow_p100_bsFull_original_one_hot,0.6576727781284001,0.054083200226800146,0.6576727781284001,0.054083200226800146,5
Fusion_Naive_MeanMIL_Midnight_p100_bs32_binary_label_enc,0.6487919300352452,0.0709954071999764,0.6487919300352452,0.0709954071999764,5
Fusion_Smart_ABMIL_Midnight_p1000_bsFull_original_one_hot,0.66187532736329,0.0603169236578349,0.66187532736329,0.0603169236578349,5
Fusion_Naive_ABMIL_UNI_p100_bsFull_original_label_enc,0.6572648386528764,0.05056628554137166,0.6572648386528764,0.05056628554137166,5
Fusion_Smart_ABMIL_UNI_p4000_bsFull_original_one_hot,0.6633611615150887,0.05019338485049428,0.6633611615150887,0.05019338485049428,5
EarlyEnsemble_Fusion_Naive_ABMIL_VirchowMidnight_p100_bs32_binary_one_hot,0.6544758004514944,0.052093423046839865,0.6544758004514944,0.052093423046839865,5
Fusion_Smart_ABMIL_Midnight_p100_bs32_original_one_hot,0.6655115964399181,0.06685712986305949,0.6655115964399181,0.06685712986305949,5
EarlyEnsemble_Fusion_Smart_TransMIL_VirchowMidnight_p100_bsFull_binary_label_enc,0.6732383230539394,0.04499599815451155,0.6732383230539394,0.04499599815451155,5
EarlyEnsemble_WSI_MeanMIL_VirchowMidnight_p100_bsFull_binary_None,0.6479896684220129,0.04695758007308778,0.6479896684220129,0.04695758007308778,5
EarlyEnsemble_Fusion_Smart_MeanMIL_VirchowMidnight_p4000_bs32_binary_one_hot,0.647176453138777,0.04719157148273163,0.647176453138777,0.04719157148273163,5
Fusion_Smart_ABMIL_Virchow_p1000_bs32_original_label_enc,0.669196366865752,0.04570824080603564,0.669196366865752,0.04570824080603564,5
WSI_TransMIL_Virchow_p1000_bsFull_original_None,0.6250202135421097,0.04018089605306183,0.6250202135421097,0.04018089605306183,5
Fusion_Smart_MeanMIL_UNI_p100_bs32_binary_one_hot,0.663396021468993,0.03650471271347958,0.663396021468993,0.03650471271347958,5
EarlyEnsemble_Fusion_Smart_ABMIL_VirchowMidnight_p1000_bs32_binary_one_hot,0.6531069470842549,0.05711609718544223,0.6531069470842549,0.05711609718544223,5
Fusion_Naive_TransMIL_UNI_p100_bs32_binary_label_enc,0.6498109870759393,0.03908952280997889,0.6498109870759393,0.03908952280997889,5
Fusion_Naive_ABMIL_Midnight_p4000_bsFull_binary_one_hot,0.6297545079234095,0.07406135010143686,0.6297545079234095,0.07406135010143686,5
Fusion_Naive_ABMIL_Midnight_p1000_bs32_original_label_enc,0.6452846571317599,0.08130441137189603,0.6452846571317599,0.08130441137189603,5
Fusion_Naive_ABMIL_Virchow_p100_bsFull_binary_one_hot,0.6633037633925142,0.05550916280533665,0.6633037633925142,0.05550916280533665,5
Fusion_Smart_TransMIL_Virchow_p4000_bsFull_original_label_enc,0.62273150976552,0.03821505168647697,0.62273150976552,0.03821505168647697,5
EarlyEnsemble_Fusion_Naive_ABMIL_VirchowMidnight_p1000_bs32_binary_one_hot,0.6492053769226667,0.047966327401169656,0.6492053769226667,0.047966327401169656,5
Fusion_Smart_MeanMIL_UNI_p1000_bsFull_original_label_enc,0.6601482189562511,0.03412562337372461,0.6601482189562511,0.03412562337372461,5
Fusion_Naive_ABMIL_Virchow_p1000_bsFull_original_label_enc,0.6608292606808028,0.04517765163386799,0.6608292606808028,0.04517765163386799,5
SampleEff_100pct_WSI_MeanMIL_Virchow_p1000_bsFull_original,0.6376970536262621,0.056462473234400165,0.6376970536262621,0.056462473234400165,5
Fusion_Naive_ABMIL_UNI_p1000_bs32_binary_one_hot,0.6621206338174445,0.04569010872928198,0.6621206338174445,0.04569010872928198,5
Fusion_Smart_TransMIL_Virchow_p1000_bs32_original_one_hot,0.649176006895449,0.053562108311237415,0.649176006895449,0.053562108311237415,5
WSI_TransMIL_Virchow_p100_bsFull_binary_None,0.6457751403301328,0.04582312024920729,0.6457751403301328,0.04582312024920729,5
EarlyEnsemble_WSI_MeanMIL_VirchowMidnight_p4000_bsFull_binary_None,0.6442150703105186,0.05510674371726806,0.6442150703105186,0.05510674371726806,5
Fusion_Smart_ABMIL_Virchow_p4000_bs32_binary_one_hot,0.6447637271351422,0.047080257383788626,0.6447637271351422,0.047080257383788626,5
Fusion_Naive_TransMIL_Virchow_p100_bs32_binary_one_hot,0.6668737718235507,0.045378605943665065,0.6668737718235507,0.045378605943665065,5
Fusion_Naive_TransMIL_UNI_p100_bsFull_binary_one_hot,0.6665281253936512,0.04592961925743259,0.6665281253936512,0.04592961925743259,5
TSOnly_Fusion_Smart_MeanMIL_UNI_p4000_bsFull_binary_label_enc,0.6651356820786465,0.05574045948565928,0.6651356820786465,0.05574045948565928,5
Fusion_Naive_MeanMIL_UNI_p4000_bsFull_binary_one_hot,0.6578834788925925,0.06293425161679453,0.6578834788925925,0.06293425161679453,5
Fusion_Naive_MeanMIL_Virchow_p100_bsFull_binary_label_enc,0.6556288291871828,0.04520444967962507,0.6556288291871828,0.04520444967962507,5
Fusion_Naive_MeanMIL_Virchow_p4000_bs32_binary_label_enc,0.6372136524406466,0.0506556661196275,0.6372136524406466,0.0506556661196275,5
EarlyEnsemble_Fusion_Smart_TransMIL_VirchowMidnight_p100_bs32_binary_one_hot,0.6657619076641743,0.05092240490426982,0.6657619076641743,0.05092240490426982,5
Fusion_Smart_MeanMIL_Virchow_p100_bs32_binary_label_enc,0.669722272169196,0.04329714790813996,0.669722272169196,0.04329714790813996,5
EarlyEnsemble_Fusion_Naive_ABMIL_VirchowMidnight_p100_bsFull_binary_one_hot,0.6598436594653412,0.053760973737663816,0.6598436594653412,0.053760973737663816,5
Fusion_Naive_TransMIL_Midnight_p100_bs32_binary_label_enc,0.6424478561258103,0.06971370846745838,0.6424478561258103,0.06971370846745838,5
Fusion_Naive_MeanMIL_UNI_p1000_bsFull_binary_one_hot,0.648889593800666,0.04655162745847123,0.648889593800666,0.04655162745847123,5
Fusion_Smart_MeanMIL_Midnight_p100_bs32_original_label_enc,0.6685144316711279,0.06092734349841662,0.6685144316711279,0.06092734349841662,5
Fusion_Smart_TransMIL_UNI_p1000_bsFull_original_label_enc,0.6654303850746132,0.036633069516835315,0.6654303850746132,0.036633069516835315,5
EarlyEnsemble_Fusion_Smart_MeanMIL_VirchowMidnight_p1000_bsFull_binary_label_enc,0.6651013520957466,0.045055507160689866,0.6651013520957466,0.045055507160689866,5
EarlyEnsemble_Fusion_Naive_TransMIL_VirchowMidnight_p4000_bsFull_original_label_enc,0.6167002682334253,0.04370740572366186,0.6167002682334253,0.04370740572366186,5
Fusion_Naive_ABMIL_Midnight_p4000_bsFull_original_one_hot,0.6354361110785096,0.0675157763963299,0.6354361110785096,0.0675157763963299,5
TSOnly_Fusion_Smart_ABMIL_UNI_p4000_bs32_original_label_enc,0.6670161618474497,0.02865900743977937,0.6670161618474497,0.02865900743977937,5
Fusion_Naive_MeanMIL_Virchow_p1000_bs32_original_one_hot,0.6410437970299546,0.05408712748199495,0.6410437970299546,0.05408712748199495,5
Fusion_Naive_TransMIL_Virchow_p4000_bs32_original_one_hot,0.6260197522153209,0.039860338454698475,0.6260197522153209,0.039860338454698475,5
Fusion_Naive_TransMIL_Virchow_p4000_bsFull_binary_one_hot,0.628756870901642,0.04624910336120479,0.628756870901642,0.04624910336120479,5
Fusion_Naive_TransMIL_UNI_p4000_bs32_binary_one_hot,0.6609718358833567,0.04865282615270897,0.6609718358833567,0.04865282615270897,5
EarlyEnsemble_Fusion_Smart_MeanMIL_VirchowMidnight_p1000_bsFull_original_one_hot,0.6483097566084662,0.05245590638533195,0.6483097566084662,0.05245590638533195,5
Fusion_Smart_ABMIL_UNI_p100_bsFull_original_label_enc,0.6684912731953777,0.030883358327308957,0.6684912731953777,0.030883358327308957,5
WSI_MeanMIL_Virchow_p100_bs32_original_None,0.6593794125157222,0.047001344049449306,0.6593794125157222,0.047001344049449306,5
Fusion_Naive_TransMIL_UNI_p1000_bsFull_original_label_enc,0.6508486162610658,0.05010551517254343,0.6508486162610658,0.05010551517254343,5
Fusion_Naive_MeanMIL_UNI_p4000_bsFull_original_label_enc,0.6518539934012673,0.06042793406781168,0.6518539934012673,0.06042793406781168,5
Fusion_Smart_MeanMIL_Midnight_p1000_bs32_original_one_hot,0.6595268597048806,0.07326087657830566,0.6595268597048806,0.07326087657830566,5
EarlyEnsemble_Fusion_Naive_ABMIL_VirchowMidnight_p1000_bsFull_binary_label_enc,0.6568079818078387,0.05041966788263934,0.6568079818078387,0.05041966788263934,5
WSI_MeanMIL_UNI_p4000_bs32_original_None,0.6549667536745968,0.06514798052193732,0.6549667536745968,0.06514798052193732,5
WSI_TransMIL_Midnight_p4000_bs32_original_None,0.6259318093904983,0.05740412044794976,0.6259318093904983,0.05740412044794976,5
Fusion_Naive_TransMIL_Virchow_p1000_bs32_binary_one_hot,0.6445401975707024,0.0437596692134083,0.6445401975707024,0.0437596692134083,5
Fusion_Smart_MeanMIL_Midnight_p100_bs32_binary_one_hot,0.6675566301192439,0.05539567423561459,0.6675566301192439,0.05539567423561459,5
SampleEff_25pct_WSI_MeanMIL_Virchow_p1000_bsFull_original,0.5995262940355437,0.06594964992876588,0.5995262940355437,0.06594964992876588,5
WSI_MeanMIL_Virchow_p1000_bs32_original_None,0.640353263165266,0.05077731720435843,0.640353263165266,0.05077731720435843,5
Fusion_Naive_TransMIL_Midnight_p4000_bs32_original_label_enc,0.6373221657008737,0.06691941292540093,0.6373221657008737,0.06691941292540093,5
Fusion_Naive_TransMIL_Midnight_p100_bsFull_binary_label_enc,0.6458022019596383,0.06761296172706786,0.6458022019596383,0.06761296172706786,5
EarlyEnsemble_Fusion_Smart_ABMIL_VirchowMidnight_p4000_bs32_original_one_hot,0.6569587105806909,0.04969274104876731,0.6569587105806909,0.04969274104876731,5
WSI_ABMIL_UNI_p1000_bs32_original_None,0.6575478450300354,0.046470033174734124,0.6575478450300354,0.046470033174734124,5
EarlyEnsemble_Fusion_Naive_ABMIL_VirchowMidnight_p4000_bsFull_original_one_hot,0.6478151763029176,0.05224026513823473,0.6478151763029176,0.05224026513823473,5
Fusion_Naive_ABMIL_UNI_p100_bs32_binary_label_enc,0.6590341257021805,0.047142685974201466,0.6590341257021805,0.047142685974201466,5
EarlyEnsemble_Fusion_Naive_ABMIL_VirchowMidnight_p100_bsFull_original_one_hot,0.6507190500402096,0.04481955235375175,0.6507190500402096,0.04481955235375175,5
WSI_TransMIL_Virchow_p4000_bsFull_binary_None,0.6352845743271363,0.05336620177102895,0.6352845743271363,0.05336620177102895,5
Fusion_Naive_ABMIL_Midnight_p100_bs32_original_label_enc,0.6560836988200585,0.07599252014049811,0.6560836988200585,0.07599252014049811,5
Fusion_Naive_MeanMIL_Virchow_p100_bsFull_original_label_enc,0.6584574529098284,0.049735751801941265,0.6584574529098284,0.049735751801941265,5
Fusion_Smart_MeanMIL_Midnight_p1000_bs32_original_label_enc,0.6590181865576661,0.07814735308453065,0.6590181865576661,0.07814735308453065,5
Fusion_Smart_TransMIL_Virchow_p1000_bsFull_original_label_enc,0.6362826418306129,0.046913742209328535,0.6362826418306129,0.046913742209328535,5
EarlyEnsemble_Fusion_Naive_MeanMIL_VirchowMidnight_p100_bs32_original_label_enc,0.6492315002431036,0.045806010034725654,0.6492315002431036,0.045806010034725654,5
Fusion_Naive_TransMIL_Virchow_p100_bs32_original_label_enc,0.6662230098770331,0.04730145471863478,0.6662230098770331,0.04730145471863478,5
Fusion_Naive_ABMIL_UNI_p1000_bsFull_original_label_enc,0.6495582316716285,0.039905534757909894,0.6495582316716285,0.039905534757909894,5
Fusion_Naive_MeanMIL_UNI_p4000_bsFull_binary_label_enc,0.6555127438371653,0.0631697986086057,0.6555127438371653,0.0631697986086057,5
Fusion_Smart_MeanMIL_UNI_p4000_bs32_binary_label_enc,0.6659413952142842,0.04528436524658928,0.6659413952142842,0.04528436524658928,5
Fusion_Smart_TransMIL_Virchow_p100_bs32_original_one_hot,0.6545677583575972,0.04089541323686733,0.6545677583575972,0.04089541323686733,5
Fusion_Smart_ABMIL_Virchow_p4000_bs32_original_one_hot,0.6598348573975352,0.05060167121098668,0.6598348573975352,0.05060167121098668,5
Fusion_Naive_MeanMIL_Midnight_p1000_bsFull_original_one_hot,0.6442126151412929,0.06534662804315587,0.6442126151412929,0.06534662804315587,5
LossComp_logistic_hazard_Fusion_Smart_ABMIL_UNI_p100_bs32_original_label_enc,0.6543495273561584,0.049058112397895294,0.6543495273561584,0.049058112397895294,5
Fusion_Smart_ABMIL_Virchow_p4000_bs32_original_label_enc,0.6470566658231257,0.05631570304534127,0.6470566658231257,0.05631570304534127,5
Fusion_Smart_TransMIL_Virchow_p4000_bs32_original_label_enc,0.6286138521789824,0.03998672771611864,0.6286138521789824,0.03998672771611864,5
EarlyEnsemble_Fusion_Naive_MeanMIL_VirchowMidnight_p1000_bsFull_original_label_enc,0.651515240124692,0.06400636235996358,0.651515240124692,0.06400636235996358,5
Fusion_Smart_ABMIL_UNI_p100_bsFull_original_one_hot,0.6654944079494657,0.04225432761920286,0.6654944079494657,0.04225432761920286,5
EarlyEnsemble_Fusion_Naive_MeanMIL_VirchowMidnight_p4000_bsFull_binary_label_enc,0.6356635649517178,0.04424676833989741,0.6356635649517178,0.04424676833989741,5
EarlyEnsemble_WSI_TransMIL_VirchowMidnight_p4000_bs32_binary_None,0.6277036762798115,0.03306759049751517,0.6277036762798115,0.03306759049751517,5
Fusion_Smart_MeanMIL_Virchow_p1000_bsFull_binary_label_enc,0.6536322051416595,0.05065317002205432,0.6536322051416595,0.05065317002205432,5
Fusion_Smart_TransMIL_Virchow_p1000_bsFull_binary_one_hot,0.627263618426806,0.037349999962045764,0.627263618426806,0.037349999962045764,5
Fusion_Smart_TransMIL_UNI_p100_bs32_original_label_enc,0.6724231745707054,0.048171557022084095,0.6724231745707054,0.048171557022084095,5
EarlyEnsemble_Fusion_Smart_TransMIL_VirchowMidnight_p1000_bs32_original_label_enc,0.6428841354034474,0.04925949725314345,0.6428841354034474,0.04925949725314345,5
Fusion_Naive_TransMIL_Midnight_p4000_bs32_original_one_hot,0.6420123994848657,0.0648716931058167,0.6420123994848657,0.0648716931058167,5
WSI_MeanMIL_Midnight_p4000_bsFull_original_None,0.6410340859261972,0.06446103700869206,0.6410340859261972,0.06446103700869206,5
EarlyEnsemble_Fusion_Smart_TransMIL_VirchowMidnight_p4000_bsFull_original_label_enc,0.6276302171682857,0.03993641806040323,0.6276302171682857,0.03993641806040323,5
Fusion_Naive_MeanMIL_Virchow_p4000_bs32_original_one_hot,0.6427644942204047,0.04315017870905075,0.6427644942204047,0.04315017870905075,5
Fusion_Smart_MeanMIL_Virchow_p1000_bsFull_original_label_enc,0.6479686314683302,0.0537092420527721,0.6479686314683302,0.0537092420527721,5
EarlyEnsemble_Fusion_Naive_MeanMIL_VirchowMidnight_p4000_bs32_original_label_enc,0.6302985247530575,0.051679453890894796,0.6302985247530575,0.051679453890894796,5
Fusion_Naive_TransMIL_Midnight_p4000_bsFull_binary_one_hot,0.6424259071592744,0.054570241281919396,0.6424259071592744,0.054570241281919396,5
SampleEff_75pct_WSI_MeanMIL_Midnight_p1000_bsFull_original,0.6033151588505392,0.07578456486518353,0.6033151588505393,0.0757845648651835,5
Fusion_Naive_MeanMIL_Virchow_p100_bs32_binary_one_hot,0.6550349352470226,0.046253372000792485,0.6550349352470226,0.046253372000792485,5
EarlyEnsemble_Fusion_Smart_ABMIL_VirchowMidnight_p100_bsFull_binary_label_enc,0.6596038693431991,0.0583618145014324,0.6596038693431991,0.0583618145014324,5
WSI_TransMIL_Virchow_p100_bsFull_original_None,0.6545927035446402,0.05852964577437272,0.6545927035446402,0.05852964577437272,5
WSI_MeanMIL_Midnight_p1000_bs32_original_None,0.6396936012019125,0.07813680875169397,0.6396936012019125,0.07813680875169397,5
WSI_ABMIL_Midnight_p100_bsFull_binary_None,0.6514614635387133,0.06986903153725452,0.6514614635387133,0.06986903153725452,5
TSOnly_Fusion_Smart_MeanMIL_UNI_p4000_bsFull_original_label_enc,0.6652323671333686,0.05003363370654202,0.6652323671333686,0.05003363370654202,5
Fusion_Smart_TransMIL_Midnight_p4000_bs32_binary_label_enc,0.6467942781567491,0.07339114603229405,0.6467942781567491,0.07339114603229405,5
Fusion_Smart_MeanMIL_Virchow_p100_bsFull_binary_label_enc,0.6739285170648492,0.04073979570286146,0.6739285170648492,0.04073979570286146,5
LossComp_logistic_hazard_Fusion_Naive_MeanMIL_Midnight_p1000_bs32_original_one_hot,0.6249215960522568,0.046547765716581035,0.6249215960522568,0.046547765716581035,5
EarlyEnsemble_Fusion_Smart_MeanMIL_VirchowMidnight_p100_bs32_original_label_enc,0.6727638421109201,0.03815649077060468,0.6727638421109201,0.03815649077060468,5
Fusion_Smart_TransMIL_UNI_p4000_bsFull_original_one_hot,0.6758137300156426,0.03196816421340446,0.6758137300156426,0.03196816421340446,5
Fusion_Naive_ABMIL_Virchow_p4000_bs32_original_label_enc,0.6450934708548413,0.052680129665972616,0.6450934708548413,0.052680129665972616,5
Fusion_Naive_MeanMIL_Midnight_p100_bsFull_original_one_hot,0.6589441583971244,0.07019676678439199,0.6589441583971244,0.07019676678439199,5
Fusion_Smart_TransMIL_Virchow_p100_bs32_binary_label_enc,0.6598258376880821,0.04065407966763583,0.6598258376880821,0.04065407966763583,5
Fusion_Smart_MeanMIL_Midnight_p4000_bs32_original_label_enc,0.6630296943638554,0.06663083440866752,0.6630296943638554,0.06663083440866752,5
EarlyEnsemble_Fusion_Naive_MeanMIL_VirchowMidnight_p100_bsFull_binary_label_enc,0.6610753057594374,0.05298711696271342,0.6610753057594374,0.05298711696271342,5
WSI_TransMIL_UNI_p1000_bs32_original_None,0.6466510770475045,0.04383533176851314,0.6466510770475045,0.04383533176851314,5
Fusion_Smart_ABMIL_UNI_p1000_bsFull_original_one_hot,0.6591385400814713,0.03846865588131394,0.6591385400814713,0.03846865588131394,5
EarlyEnsemble_Fusion_Smart_TransMIL_VirchowMidnight_p1000_bsFull_binary_label_enc,0.6435150491490486,0.04332233690321225,0.6435150491490486,0.04332233690321225,5
Fusion_Naive_ABMIL_UNI_p4000_bsFull_binary_label_enc,0.6568465421004621,0.05251217590783318,0.6568465421004621,0.05251217590783318,5
WSI_TransMIL_Virchow_p1000_bs32_binary_None,0.6487900465523622,0.03675553959998285,0.6487900465523622,0.03675553959998285,5
Fusion_Naive_ABMIL_UNI_p4000_bsFull_original_one_hot,0.6571433511381155,0.055593739765021286,0.6571433511381155,0.055593739765021286,5
Fusion_Naive_TransMIL_Virchow_p100_bsFull_original_label_enc,0.6542631813196618,0.05473598822612576,0.6542631813196618,0.05473598822612576,5
Fusion_Smart_ABMIL_UNI_p4000_bs32_original_one_hot,0.6652004376795706,0.05691696267427163,0.6652004376795706,0.05691696267427163,5
Fusion_Smart_MeanMIL_Midnight_p4000_bs32_binary_one_hot,0.6578813873626639,0.06795545250996732,0.6578813873626639,0.06795545250996732,5
Fusion_Naive_TransMIL_UNI_p1000_bsFull_binary_label_enc,0.6534043646544052,0.056489429606648635,0.6534043646544052,0.056489429606648635,5
EarlyEnsemble_WSI_MeanMIL_VirchowMidnight_p4000_bsFull_original_None,0.6418386121218829,0.05133495619594311,0.6418386121218829,0.05133495619594311,5
Fusion_Naive_ABMIL_Midnight_p1000_bsFull_binary_label_enc,0.6372000585334087,0.07051360579733179,0.6372000585334087,0.07051360579733179,5
EarlyEnsemble_WSI_ABMIL_VirchowMidnight_p1000_bsFull_binary_None,0.6512278826463533,0.046794671348674904,0.6512278826463533,0.046794671348674904,5
Fusion_Smart_ABMIL_Midnight_p100_bsFull_binary_one_hot,0.6629343173123949,0.0627084364778601,0.6629343173123949,0.0627084364778601,5
Fusion_Naive_ABMIL_Virchow_p4000_bs32_binary_label_enc,0.6526156288119583,0.05015632197363015,0.6526156288119583,0.05015632197363015,5
EarlyEnsemble_WSI_MeanMIL_VirchowMidnight_p1000_bs32_binary_None,0.6416855857551959,0.05252165750622567,0.6416855857551959,0.05252165750622567,5
LossComp_logistic_hazard_WSI_TransMIL_UNI_p100_bsFull_original_None,0.6581400532900771,0.049993023614617944,0.6581400532900771,0.049993023614617944,5
Fusion_Naive_TransMIL_Virchow_p4000_bs32_original_label_enc,0.6360706403974647,0.045825459047004316,0.6360706403974647,0.045825459047004316,5
Fusion_Smart_TransMIL_Midnight_p100_bsFull_binary_one_hot,0.6468034575374687,0.059118843761861425,0.6468034575374687,0.059118843761861425,5
EarlyEnsemble_WSI_ABMIL_VirchowMidnight_p4000_bsFull_original_None,0.6453886664005661,0.03994590648549169,0.6453886664005661,0.03994590648549169,5
EarlyEnsemble_WSI_TransMIL_VirchowMidnight_p100_bs32_original_None,0.657933805843095,0.05271550362372434,0.657933805843095,0.05271550362372434,5
WSI_ABMIL_UNI_p4000_bs32_original_None,0.6586295899895137,0.0531239560681213,0.6586295899895137,0.0531239560681213,5
Fusion_Naive_TransMIL_Midnight_p100_bsFull_binary_one_hot,0.6544973377687152,0.05295951019881308,0.6544973377687152,0.05295951019881308,5
EarlyEnsemble_Fusion_Naive_MeanMIL_VirchowMidnight_p1000_bs32_original_label_enc,0.6456521926066424,0.059168697480603924,0.6456521926066424,0.059168697480603924,5
EarlyEnsemble_Fusion_Naive_TransMIL_VirchowMidnight_p100_bsFull_binary_label_enc,0.6540562753472102,0.05803233798505928,0.6540562753472102,0.05803233798505928,5
Fusion_Smart_MeanMIL_Midnight_p100_bsFull_binary_label_enc,0.6673241592817278,0.06915738582822291,0.6673241592817278,0.06915738582822291,5
Fusion_Naive_TransMIL_Virchow_p100_bs32_binary_label_enc,0.6558299996836461,0.06079875128234406,0.6558299996836461,0.06079875128234406,5
Fusion_Smart_ABMIL_UNI_p1000_bsFull_binary_one_hot,0.6647603290809256,0.04411426692857402,0.6647603290809256,0.04411426692857402,5
Fusion_Smart_ABMIL_UNI_p4000_bsFull_binary_label_enc,0.6747023886089424,0.046357919294266456,0.6747023886089424,0.046357919294266456,5
Fusion_Naive_TransMIL_UNI_p100_bsFull_binary_label_enc,0.6492921981157483,0.05955449750520663,0.6492921981157483,0.05955449750520663,5
Fusion_Smart_ABMIL_Virchow_p1000_bsFull_binary_one_hot,0.665985472393925,0.04441529073827911,0.665985472393925,0.04441529073827911,5
Fusion_Naive_MeanMIL_UNI_p4000_bs32_binary_one_hot,0.6601590157232715,0.06175571460623309,0.6601590157232715,0.06175571460623309,5
WSI_ABMIL_Virchow_p4000_bsFull_original_None,0.6531476515323736,0.052620849565150264,0.6531476515323736,0.052620849565150264,5
Fusion_Naive_ABMIL_Midnight_p1000_bs32_binary_one_hot,0.6517460505071394,0.07130815496729678,0.6517460505071394,0.07130815496729678,5
Fusion_Naive_ABMIL_Midnight_p100_bsFull_original_label_enc,0.6490363129287876,0.07641237414758088,0.6490363129287876,0.07641237414758088,5
WSI_ABMIL_UNI_p1000_bsFull_original_None,0.65189657243444,0.04329882528462325,0.65189657243444,0.04329882528462325,5
Fusion_Smart_ABMIL_Midnight_p4000_bsFull_binary_one_hot,0.645813673813039,0.06803147756310224,0.645813673813039,0.06803147756310224,5
Fusion_Naive_ABMIL_UNI_p4000_bsFull_binary_one_hot,0.6655103343340559,0.06415174255787533,0.6655103343340559,0.06415174255787533,5
Fusion_Naive_TransMIL_Midnight_p1000_bs32_original_label_enc,0.6511765035332088,0.07152208793386507,0.6511765035332088,0.07152208793386507,5
EarlyEnsemble_Fusion_Naive_MeanMIL_VirchowMidnight_p4000_bsFull_binary_one_hot,0.6361400207331054,0.05328558638566048,0.6361400207331054,0.05328558638566048,5
Fusion_Naive_ABMIL_Virchow_p1000_bs32_binary_one_hot,0.6531672944103821,0.05376279357601554,0.6531672944103821,0.05376279357601554,5
WSI_TransMIL_UNI_p100_bs32_binary_None,0.652738836016109,0.047632788911899634,0.652738836016109,0.047632788911899634,5
Fusion_Naive_ABMIL_Midnight_p1000_bs32_original_one_hot,0.6532319188950494,0.07564674404332879,0.6532319188950494,0.07564674404332879,5
WSI_MeanMIL_UNI_p1000_bsFull_original_None,0.6456641570304937,0.051294804500091884,0.6456641570304937,0.051294804500091884,5
EarlyEnsemble_Fusion_Smart_MeanMIL_VirchowMidnight_p4000_bsFull_binary_label_enc,0.6467587148836256,0.05720580731853698,0.6467587148836256,0.05720580731853698,5
Fusion_Naive_MeanMIL_Midnight_p100_bsFull_original_label_enc,0.6481451977246457,0.07037718874884252,0.6481451977246457,0.07037718874884252,5
Fusion_Smart_TransMIL_Virchow_p1000_bs32_original_label_enc,0.6385508320584391,0.05109922027509125,0.6385508320584391,0.05109922027509125,5
EarlyEnsemble_WSI_MeanMIL_VirchowMidnight_p100_bs32_binary_None,0.6523278641666342,0.05691390833491376,0.6523278641666342,0.05691390833491376,5
LossComp_logistic_hazard_Fusion_Smart_ABMIL_UNI_p100_bsFull_original_label_enc,0.6593934248530381,0.048283342357308974,0.6593934248530381,0.048283342357308974,5
EarlyEnsemble_Fusion_Smart_MeanMIL_VirchowMidnight_p4000_bs32_binary_label_enc,0.6524810374833715,0.050097640516245795,0.6524810374833715,0.050097640516245795,5
WSI_TransMIL_UNI_p100_bsFull_binary_None,0.6678882880011079,0.03476559462825533,0.6678882880011079,0.03476559462825533,5
EarlyEnsemble_WSI_MeanMIL_VirchowMidnight_p1000_bsFull_original_None,0.6414220010026097,0.049190339100402686,0.6414220010026097,0.049190339100402686,5
Fusion_Smart_TransMIL_UNI_p100_bs32_binary_label_enc,0.6671004792085488,0.03425124360084126,0.6671004792085488,0.03425124360084126,5
Fusion_Naive_TransMIL_Midnight_p4000_bs32_binary_one_hot,0.6301114950764035,0.06048482988117724,0.6301114950764035,0.06048482988117724,5
Fusion_Smart_MeanMIL_UNI_p1000_bs32_binary_one_hot,0.6573356681764736,0.0465880525204877,0.6573356681764736,0.0465880525204877,5
Fusion_Smart_TransMIL_UNI_p1000_bs32_binary_one_hot,0.6738629925704812,0.02829698902989265,0.6738629925704812,0.02829698902989265,5
Fusion_Smart_TransMIL_Virchow_p4000_bsFull_binary_label_enc,0.6354933334768675,0.034579319857100554,0.6354933334768675,0.034579319857100554,5
Fusion_Smart_TransMIL_Midnight_p100_bs32_binary_label_enc,0.6736876860016114,0.05001505652722746,0.6736876860016114,0.05001505652722746,5
Fusion_Naive_MeanMIL_Virchow_p4000_bsFull_original_one_hot,0.6387731192987802,0.0481081659929131,0.6387731192987802,0.0481081659929131,5
Fusion_Naive_MeanMIL_Virchow_p1000_bs32_binary_one_hot,0.6427024184121058,0.05403296372182569,0.6427024184121058,0.05403296372182569,5
EarlyEnsemble_Fusion_Smart_ABMIL_VirchowMidnight_p4000_bs32_original_label_enc,0.6556303886004085,0.054806531409617006,0.6556303886004085,0.054806531409617006,5
WSI_MeanMIL_Virchow_p100_bsFull_binary_None,0.6528676523918241,0.053612809911487334,0.6528676523918241,0.053612809911487334,5
Fusion_Naive_MeanMIL_UNI_p4000_bs32_original_one_hot,0.6616664708347662,0.06622110927380578,0.6616664708347662,0.06622110927380578,5
EarlyEnsemble_Fusion_Smart_ABMIL_VirchowMidnight_p4000_bs32_binary_one_hot,0.6482062130465491,0.060696875529494175,0.6482062130465491,0.060696875529494175,5
SampleEff_100pct_WSI_MeanMIL_Midnight_p1000_bsFull_original,0.6322993946140734,0.07714579640674037,0.6322993946140734,0.07714579640674037,5
Clinical_SNN_None_p0_bsFull_binary_label_enc,0.6227504867996762,0.05757693315290717,0.6227504867996762,0.05757693315290717,5
Fusion_Smart_MeanMIL_UNI_p1000_bsFull_binary_label_enc,0.660403616454438,0.04581172090981894,0.660403616454438,0.04581172090981894,5
Fusion_Naive_ABMIL_Midnight_p100_bs32_original_one_hot,0.6524363630874273,0.06200448939203344,0.6524363630874273,0.06200448939203344,5
WSI_ABMIL_UNI_p4000_bsFull_original_None,0.6587245249653721,0.05103896422278014,0.6587245249653721,0.05103896422278014,5
Fusion_Smart_MeanMIL_Virchow_p4000_bs32_binary_label_enc,0.650714474654522,0.04410087866088875,0.650714474654522,0.04410087866088875,5
Fusion_Naive_MeanMIL_Midnight_p1000_bsFull_binary_one_hot,0.6413348483865702,0.07636330160729098,0.6413348483865702,0.07636330160729098,5
Fusion_Naive_ABMIL_Virchow_p4000_bsFull_binary_label_enc,0.6525436688687775,0.05136136760852567,0.6525436688687775,0.05136136760852567,5
Fusion_Smart_TransMIL_UNI_p4000_bsFull_original_label_enc,0.6834294880332452,0.03839974777925537,0.6834294880332452,0.03839974777925537,5
EarlyEnsemble_WSI_TransMIL_VirchowMidnight_p1000_bsFull_original_None,0.6303474992652072,0.04763333970574937,0.6303474992652072,0.04763333970574937,5
WSI_ABMIL_Virchow_p100_bs32_binary_None,0.6406787653306976,0.046869838835087975,0.6406787653306976,0.046869838835087975,5
Fusion_Naive_MeanMIL_Midnight_p1000_bsFull_binary_label_enc,0.6310803040593995,0.07296910089258113,0.6310803040593995,0.07296910089258113,5
Fusion_Naive_TransMIL_Virchow_p4000_bsFull_original_label_enc,0.6389325990106958,0.03961398760554955,0.6389325990106958,0.03961398760554955,5
WSI_MeanMIL_Virchow_p1000_bsFull_original_None,0.6294777080423113,0.05693241718261741,0.6294777080423113,0.05693241718261741,5
Fusion_Naive_ABMIL_Midnight_p100_bsFull_binary_label_enc,0.6522273209455856,0.07344673054458413,0.6522273209455856,0.07344673054458413,5
WSI_ABMIL_Midnight_p100_bs32_binary_None,0.6453391633130805,0.07040683842257159,0.6453391633130805,0.07040683842257159,5
EarlyEnsemble_Fusion_Naive_MeanMIL_VirchowMidnight_p100_bs32_binary_label_enc,0.6529212625913023,0.04909313498446259,0.6529212625913023,0.04909313498446259,5
SampleEff_50pct_WSI_MeanMIL_UNI_p1000_bsFull_original,0.615494843452846,0.06968020030923569,0.615494843452846,0.06968020030923569,5
LossComp_logistic_hazard_WSI_TransMIL_UNI_p1000_bsFull_original_None,0.6415908520879237,0.05261647038430408,0.6415908520879237,0.05261647038430408,5
Fusion_Smart_ABMIL_Midnight_p1000_bs32_original_label_enc,0.6634269201915444,0.07798848319399765,0.6634269201915444,0.07798848319399765,5
Fusion_Smart_ABMIL_UNI_p4000_bs32_original_label_enc,0.6700317166061983,0.05920065744893213,0.6700317166061983,0.05920065744893213,5
TSOnly_WSI_MeanMIL_UNI_p4000_bsFull_original_None,0.651786382532503,0.05217227583236738,0.651786382532503,0.05217227583236738,5
Fusion_Naive_TransMIL_Midnight_p100_bs32_original_label_enc,0.6465375385810366,0.07643925224158357,0.6465375385810366,0.07643925224158357,5
Fusion_Naive_ABMIL_Midnight_p100_bsFull_binary_one_hot,0.6543597966827521,0.0706941611017806,0.6543597966827521,0.0706941611017806,5
Fusion_Naive_TransMIL_Midnight_p1000_bs32_binary_one_hot,0.6544021122518208,0.06951512157834562,0.6544021122518208,0.06951512157834562,5
WSI_TransMIL_Virchow_p100_bs32_original_None,0.6520242269577137,0.057291029507966926,0.6520242269577137,0.057291029507966926,5
Fusion_Smart_ABMIL_UNI_p100_bs32_binary_one_hot,0.6614053409185503,0.032020755860694965,0.6614053409185503,0.032020755860694965,5
WSI_ABMIL_Midnight_p100_bs32_original_None,0.6481572087757783,0.06781807221560107,0.6481572087757783,0.06781807221560107,5
LossComp_ranking_Fusion_Smart_TransMIL_UNI_p4000_bs32_original_label_enc,0.6955287612974161,0.03586019916970105,0.6955287612974161,0.03586019916970105,5
WSI_TransMIL_UNI_p4000_bsFull_binary_None,0.6485729382285941,0.03125870814830078,0.6485729382285941,0.03125870814830078,5
SampleEff_75pct_WSI_MeanMIL_Virchow_p1000_bsFull_original,0.6268750925608686,0.06579916980144544,0.6268750925608686,0.06579916980144544,5
Fusion_Smart_ABMIL_Virchow_p1000_bs32_binary_label_enc,0.6713170876193961,0.04697799483061471,0.6713170876193961,0.04697799483061471,5
Fusion_Naive_ABMIL_Virchow_p1000_bs32_binary_label_enc,0.6527481438532803,0.047605671105050346,0.6527481438532803,0.047605671105050346,5
WSI_MeanMIL_UNI_p4000_bs32_binary_None,0.6564199003256534,0.05635981888774674,0.6564199003256534,0.05635981888774674,5
EarlyEnsemble_WSI_ABMIL_VirchowMidnight_p100_bs32_binary_None,0.6503190743471315,0.055773086269338294,0.6503190743471315,0.055773086269338294,5
Fusion_Naive_ABMIL_UNI_p100_bsFull_binary_label_enc,0.6725498631394181,0.05323251591514415,0.6725498631394181,0.05323251591514415,5
Fusion_Naive_TransMIL_Midnight_p4000_bs32_binary_label_enc,0.640643537096031,0.06453110784210764,0.640643537096031,0.06453110784210764,5
Fusion_Naive_ABMIL_Midnight_p4000_bs32_original_label_enc,0.62751496699357,0.06993811999154022,0.62751496699357,0.06993811999154022,5
EarlyEnsemble_Fusion_Smart_TransMIL_VirchowMidnight_p100_bsFull_original_label_enc,0.6727520010069111,0.05513102581199588,0.6727520010069111,0.05513102581199588,5
Fusion_Naive_MeanMIL_Midnight_p4000_bsFull_binary_one_hot,0.6424790762751296,0.06540769081370448,0.6424790762751296,0.06540769081370448,5
EarlyEnsemble_Fusion_Naive_MeanMIL_VirchowMidnight_p1000_bs32_binary_label_enc,0.6555772208239307,0.058619644544516035,0.6555772208239307,0.058619644544516035,5
LossComp_ranking_Fusion_Smart_TransMIL_UNI_p1000_bs32_original_label_enc,0.6671403207761433,0.03883861856370588,0.6671403207761433,0.03883861856370588,5
WSI_MeanMIL_Virchow_p100_bs32_binary_None,0.6596519533718942,0.04935008769040527,0.6596519533718942,0.04935008769040527,5
SampleEff_100pct_WSI_MeanMIL_UNI_p1000_bsFull_original,0.6527313787594641,0.05015628913024412,0.6527313787594641,0.05015628913024412,5
WSI_ABMIL_UNI_p1000_bs32_binary_None,0.6605421118997772,0.04589825383998134,0.6605421118997772,0.04589825383998134,5
Fusion_Smart_MeanMIL_UNI_p1000_bs32_original_one_hot,0.6576225562165933,0.04847983119905156,0.6576225562165933,0.04847983119905156,5
Fusion_Smart_MeanMIL_Virchow_p100_bs32_original_one_hot,0.6591176161833421,0.04182774945372724,0.6591176161833421,0.04182774945372724,5
EarlyEnsemble_Fusion_Naive_TransMIL_VirchowMidnight_p1000_bs32_binary_label_enc,0.6233337298834843,0.0589735930764395,0.6233337298834843,0.0589735930764395,5
Fusion_Smart_ABMIL_Midnight_p1000_bsFull_original_label_enc,0.6650385721642919,0.06743685088938574,0.6650385721642919,0.06743685088938574,5
Fusion_Smart_ABMIL_Midnight_p100_bs32_binary_label_enc,0.6603298475294647,0.06575372861199784,0.6603298475294647,0.06575372861199784,5
WSI_TransMIL_UNI_p4000_bs32_binary_None,0.6554605994935244,0.026622466416582106,0.6554605994935244,0.026622466416582106,5
Fusion_Naive_ABMIL_UNI_p100_bs32_original_one_hot,0.6611722136938677,0.03909042951688826,0.6611722136938677,0.03909042951688826,5
Fusion_Smart_MeanMIL_Virchow_p1000_bs32_binary_label_enc,0.6518954342922725,0.04715464245877934,0.6518954342922725,0.04715464245877934,5
WSI_TransMIL_Virchow_p4000_bsFull_original_None,0.6140061725568131,0.03846095400328981,0.6140061725568131,0.03846095400328981,5
Fusion_Smart_MeanMIL_Virchow_p1000_bsFull_original_one_hot,0.6435680144049296,0.042257996957486395,0.6435680144049296,0.042257996957486395,5
LossComp_ranking_Fusion_Naive_MeanMIL_UNI_p4000_bsFull_binary_one_hot,0.6573358452740234,0.05240488796394909,0.6573358452740234,0.05240488796394909,5
EarlyEnsemble_Fusion_Naive_MeanMIL_VirchowMidnight_p4000_bsFull_original_one_hot,0.6376613918742946,0.052259414244108286,0.6376613918742946,0.052259414244108286,5
EarlyEnsemble_Fusion_Naive_ABMIL_VirchowMidnight_p100_bs32_binary_label_enc,0.6439009269748394,0.0456585559240012,0.6439009269748394,0.0456585559240012,5
EarlyEnsemble_Fusion_Naive_TransMIL_VirchowMidnight_p4000_bs32_binary_one_hot,0.6396431321900635,0.043269931093803976,0.6396431321900635,0.043269931093803976,5
Fusion_Naive_TransMIL_UNI_p4000_bsFull_binary_label_enc,0.6746602431858322,0.03748971189993063,0.6746602431858322,0.03748971189993063,5
Fusion_Naive_MeanMIL_UNI_p1000_bsFull_binary_label_enc,0.6559954071422295,0.04729509894259157,0.6559954071422295,0.04729509894259157,5
WSI_MeanMIL_Virchow_p4000_bs32_binary_None,0.639309533512854,0.05841395958544528,0.639309533512854,0.05841395958544528,5
TSOnly_Fusion_Naive_MeanMIL_UNI_p4000_bsFull_binary_one_hot,0.6477449987143135,0.05022474679783648,0.6477449987143135,0.05022474679783648,5
Fusion_Smart_TransMIL_UNI_p100_bs32_binary_one_hot,0.6661378731935509,0.051550332305079015,0.6661378731935509,0.051550332305079015,5
EarlyEnsemble_Fusion_Naive_ABMIL_VirchowMidnight_p100_bsFull_original_label_enc,0.6505227875816206,0.053423831093465074,0.6505227875816206,0.053423831093465074,5
EarlyEnsemble_WSI_ABMIL_VirchowMidnight_p4000_bsFull_binary_None,0.6520278229903018,0.05363311648027078,0.6520278229903018,0.05363311648027078,5
Fusion_Naive_TransMIL_Virchow_p1000_bs32_original_one_hot,0.6409461316512436,0.05847987637936371,0.6409461316512436,0.05847987637936371,5
Fusion_Naive_TransMIL_UNI_p100_bs32_original_one_hot,0.6558675006747835,0.04864985022081073,0.6558675006747835,0.04864985022081073,5
EarlyEnsemble_WSI_ABMIL_VirchowMidnight_p100_bsFull_original_None,0.6515379093311913,0.047868558108703704,0.6515379093311913,0.047868558108703704,5
EarlyEnsemble_Fusion_Naive_ABMIL_VirchowMidnight_p1000_bs32_original_label_enc,0.6597858557293466,0.059585465118180234,0.6597858557293466,0.059585465118180234,5
LossComp_ranking_Fusion_Naive_MeanMIL_Midnight_p1000_bs32_original_one_hot,0.6404546684706454,0.0669014090860966,0.6404546684706454,0.0669014090860966,5
Fusion_Smart_MeanMIL_UNI_p1000_bs32_binary_label_enc,0.6597754950231025,0.04751451589422811,0.6597754950231025,0.04751451589422811,5
LossComp_ranking_Fusion_Smart_ABMIL_UNI_p100_bs32_original_label_enc,0.6769161296668809,0.031167371333699193,0.6769161296668809,0.031167371333699193,5
Fusion_Naive_ABMIL_Virchow_p4000_bs32_binary_one_hot,0.6493930233533407,0.04721260709551961,0.6493930233533407,0.04721260709551961,5
EarlyEnsemble_Fusion_Smart_MeanMIL_VirchowMidnight_p4000_bsFull_original_label_enc,0.6482299825743398,0.055976486732974125,0.6482299825743398,0.055976486732974125,5
Clinical_SNN_None_p0_bsFull_binary_one_hot,0.619635256771697,0.04881801845021081,0.619635256771697,0.04881801845021081,5
Fusion_Naive_TransMIL_Midnight_p100_bsFull_original_one_hot,0.6384489658150156,0.06971143218611064,0.6384489658150156,0.06971143218611064,5
EarlyEnsemble_Fusion_Smart_ABMIL_VirchowMidnight_p100_bs32_binary_label_enc,0.6735110970115319,0.04178316449419742,0.6735110970115319,0.04178316449419742,5
EarlyEnsemble_Fusion_Smart_ABMIL_VirchowMidnight_p100_bsFull_binary_one_hot,0.6639940958945251,0.05149004045918006,0.6639940958945251,0.05149004045918006,5
WSI_MeanMIL_Midnight_p4000_bs32_original_None,0.6414530879459026,0.06720455558060073,0.6414530879459026,0.06720455558060073,5
Fusion_Naive_ABMIL_UNI_p4000_bs32_binary_one_hot,0.6611368468861244,0.04780245839399674,0.6611368468861244,0.04780245839399674,5
EarlyEnsemble_Fusion_Smart_MeanMIL_VirchowMidnight_p1000_bs32_original_label_enc,0.659163125707258,0.052990866429884834,0.659163125707258,0.052990866429884834,5
Fusion_Smart_ABMIL_Virchow_p1000_bsFull_original_label_enc,0.6696025573930344,0.055336730914664664,0.6696025573930344,0.055336730914664664,5
WSI_ABMIL_UNI_p4000_bs32_binary_None,0.6566010073630715,0.06362770591603976,0.6566010073630715,0.06362770591603976,5
EarlyEnsemble_Fusion_Smart_ABMIL_VirchowMidnight_p1000_bs32_original_one_hot,0.6579101436562682,0.05242153002116751,0.6579101436562682,0.05242153002116751,5
Fusion_Smart_MeanMIL_Virchow_p1000_bs32_binary_one_hot,0.6509872418351857,0.052756163894691045,0.6509872418351857,0.052756163894691045,5
WSI_TransMIL_Midnight_p1000_bs32_binary_None,0.6313055870639379,0.06877553132763377,0.6313055870639379,0.06877553132763377,5
EarlyEnsemble_WSI_ABMIL_VirchowMidnight_p1000_bsFull_original_None,0.6505096141202669,0.03738363093157354,0.6505096141202669,0.03738363093157354,5
EarlyEnsemble_WSI_MeanMIL_VirchowMidnight_p100_bs32_original_None,0.6548564112089311,0.042930958175582234,0.6548564112089311,0.042930958175582234,5
Fusion_Smart_TransMIL_UNI_p100_bsFull_binary_label_enc,0.6599942964349873,0.043312895249542106,0.6599942964349873,0.043312895249542106,5
LossComp_logistic_hazard_Fusion_Smart_TransMIL_UNI_p1000_bs32_original_label_enc,0.6456174053872318,0.05245764669126859,0.6456174053872318,0.05245764669126859,5
EarlyEnsemble_Fusion_Smart_ABMIL_VirchowMidnight_p4000_bsFull_binary_label_enc,0.6592942404053778,0.045839154011512395,0.6592942404053778,0.045839154011512395,5
Fusion_Smart_MeanMIL_UNI_p1000_bsFull_binary_one_hot,0.6564663928299701,0.044323291486854634,0.6564663928299701,0.044323291486854634,5
Fusion_Naive_ABMIL_Virchow_p4000_bsFull_binary_one_hot,0.6542296954213522,0.05453610833679625,0.6542296954213522,0.05453610833679625,5
Fusion_Smart_ABMIL_Midnight_p100_bs32_binary_one_hot,0.6690616322211183,0.0676779552673688,0.6690616322211183,0.0676779552673688,5
LossComp_ranking_Fusion_Smart_ABMIL_UNI_p100_bsFull_original_label_enc,0.6664114314370202,0.03246179042616427,0.6664114314370202,0.03246179042616427,5
Fusion_Naive_TransMIL_Virchow_p4000_bs32_binary_one_hot,0.6288438016388666,0.04234956797018107,0.6288438016388666,0.04234956797018107,5
TSOnly_Fusion_Naive_ABMIL_Midnight_p1000_bs32_original_label_enc,0.6359932489817595,0.02893953960492564,0.6359932489817595,0.02893953960492564,5
WSI_ABMIL_Virchow_p1000_bs32_binary_None,0.6536092735084428,0.04417265299346702,0.6536092735084428,0.04417265299346702,5
Fusion_Naive_ABMIL_Midnight_p100_bsFull_original_one_hot,0.6527938050438831,0.07475745084592392,0.6527938050438831,0.07475745084592392,5
TSOnly_Fusion_Smart_MeanMIL_UNI_p4000_bs32_original_label_enc,0.6675418285324856,0.046995864315737344,0.6675418285324856,0.046995864315737344,5
WSI_MeanMIL_Midnight_p100_bsFull_original_None,0.65267633945977,0.0699198838746431,0.65267633945977,0.0699198838746431,5
Fusion_Naive_TransMIL_Virchow_p1000_bsFull_binary_label_enc,0.6407258606925538,0.05288212969812881,0.6407258606925538,0.05288212969812881,5
Fusion_Smart_ABMIL_UNI_p100_bs32_original_one_hot,0.6657910066320226,0.04076898873924441,0.6657910066320226,0.04076898873924441,5
Fusion_Naive_MeanMIL_Virchow_p4000_bs32_binary_one_hot,0.6410066765340293,0.05571795398668776,0.6410066765340293,0.05571795398668776,5
Fusion_Smart_MeanMIL_UNI_p100_bsFull_original_label_enc,0.6711687063938789,0.03755983436753389,0.6711687063938789,0.03755983436753389,5
Fusion_Naive_MeanMIL_Midnight_p4000_bsFull_binary_label_enc,0.6425160504452988,0.07144424022467034,0.6425160504452988,0.07144424022467034,5
WSI_ABMIL_Virchow_p100_bs32_original_None,0.6487102587655593,0.05268779431574005,0.6487102587655593,0.05268779431574005,5
Fusion_Naive_ABMIL_Midnight_p4000_bs32_original_one_hot,0.6395017960160491,0.06838724020466144,0.6395017960160491,0.06838724020466144,5
EarlyEnsemble_Fusion_Naive_MeanMIL_VirchowMidnight_p4000_bs32_binary_one_hot,0.6452042042142786,0.0539337289856659,0.6452042042142786,0.0539337289856659,5
WSI_TransMIL_Midnight_p4000_bsFull_original_None,0.6289876050902635,0.07857159630278383,0.6289876050902635,0.07857159630278383,5
Fusion_Naive_MeanMIL_Virchow_p1000_bsFull_original_one_hot,0.6496079564689758,0.04910228702803309,0.6496079564689758,0.04910228702803309,5
Fusion_Smart_ABMIL_UNI_p4000_bs32_binary_one_hot,0.6682055890609581,0.047570208730400465,0.6682055890609581,0.047570208730400465,5
Fusion_Naive_TransMIL_Midnight_p4000_bsFull_binary_label_enc,0.6611852852179897,0.0631298022829592,0.6611852852179897,0.0631298022829592,5
Fusion_Naive_ABMIL_Midnight_p1000_bs32_binary_label_enc,0.6491266902251628,0.07683459764198498,0.6491266902251628,0.07683459764198498,5
EarlyEnsemble_Fusion_Smart_ABMIL_VirchowMidnight_p1000_bsFull_binary_one_hot,0.6522030243700112,0.051105524272250694,0.6522030243700112,0.051105524272250694,5
Fusion_Naive_MeanMIL_Midnight_p1000_bsFull_original_label_enc,0.6420396913323702,0.0722452613925544,0.6420396913323702,0.0722452613925544,5
WSI_MeanMIL_Virchow_p4000_bsFull_original_None,0.6407020901996765,0.04886012237978995,0.6407020901996765,0.04886012237978995,5
EarlyEnsemble_Fusion_Smart_TransMIL_VirchowMidnight_p100_bs32_original_label_enc,0.6730569875016672,0.04424803563653727,0.6730569875016672,0.04424803563653727,5
EarlyEnsemble_Fusion_Smart_MeanMIL_VirchowMidnight_p100_bsFull_original_one_hot,0.6551939820176245,0.04896138842386933,0.6551939820176245,0.04896138842386933,5
Fusion_Naive_ABMIL_Virchow_p100_bs32_binary_label_enc,0.6510438848091377,0.047534028135219036,0.6510438848091377,0.047534028135219036,5
Fusion_Smart_TransMIL_Midnight_p1000_bs32_binary_label_enc,0.6644680241910866,0.061496450023211774,0.6644680241910866,0.061496450023211774,5
WSI_ABMIL_Virchow_p4000_bsFull_binary_None,0.6528183143051373,0.0527152202515155,0.6528183143051373,0.0527152202515155,5
EarlyEnsemble_Fusion_Naive_TransMIL_VirchowMidnight_p4000_bs32_original_label_enc,0.626176792814088,0.04283986607777866,0.626176792814088,0.04283986607777866,5
EarlyEnsemble_Fusion_Smart_MeanMIL_VirchowMidnight_p100_bsFull_binary_one_hot,0.6603104504141399,0.04907109091959812,0.6603104504141399,0.04907109091959812,5
Fusion_Smart_TransMIL_Midnight_p4000_bsFull_binary_label_enc,0.6648230925770645,0.06807795116795738,0.6648230925770645,0.06807795116795738,5
EarlyEnsemble_Fusion_Naive_MeanMIL_VirchowMidnight_p100_bs32_original_one_hot,0.6636789973242221,0.050336091776095375,0.6636789973242221,0.050336091776095375,5
EarlyEnsemble_Fusion_Naive_ABMIL_VirchowMidnight_p100_bs32_original_one_hot,0.6572265899269419,0.05181534353454617,0.6572265899269419,0.05181534353454617,5
Fusion_Naive_TransMIL_Midnight_p100_bs32_original_one_hot,0.6540162101666375,0.06183535606613456,0.6540162101666375,0.06183535606613456,5
Fusion_Smart_MeanMIL_UNI_p100_bsFull_original_one_hot,0.6713659175590742,0.031143942694366714,0.6713659175590742,0.031143942694366714,5
Fusion_Naive_ABMIL_UNI_p1000_bsFull_original_one_hot,0.6567189920571904,0.05170054961082919,0.6567189920571904,0.05170054961082919,5
EarlyEnsemble_Fusion_Smart_TransMIL_VirchowMidnight_p1000_bsFull_original_one_hot,0.6421325594777063,0.04283799906614498,0.6421325594777063,0.04283799906614498,5
Fusion_Naive_TransMIL_Virchow_p4000_bs32_binary_label_enc,0.636882493181606,0.0413653838688457,0.636882493181606,0.0413653838688457,5
Fusion_Naive_ABMIL_Virchow_p4000_bsFull_original_one_hot,0.6603003433545175,0.05577240471325827,0.6603003433545175,0.05577240471325827,5
EarlyEnsemble_Fusion_Smart_TransMIL_VirchowMidnight_p1000_bs32_binary_one_hot,0.6434851463344564,0.05283596318009303,0.6434851463344564,0.05283596318009303,5
WSI_ABMIL_UNI_p100_bs32_binary_None,0.6660813908248173,0.04833287587980095,0.6660813908248173,0.04833287587980095,5
Fusion_Smart_ABMIL_UNI_p100_bsFull_binary_one_hot,0.6702153773022566,0.04418165737392492,0.6702153773022566,0.04418165737392492,5
WSI_TransMIL_UNI_p1000_bsFull_original_None,0.6733463675620429,0.029990766530934028,0.6733463675620429,0.029990766530934028,5
Fusion_Naive_ABMIL_UNI_p1000_bsFull_binary_label_enc,0.6494705791862275,0.03805817021746456,0.6494705791862275,0.03805817021746456,5
EarlyEnsemble_Fusion_Smart_TransMIL_VirchowMidnight_p1000_bsFull_binary_one_hot,0.6272742041594777,0.048124917972616074,0.6272742041594777,0.048124917972616074,5
EarlyEnsemble_WSI_ABMIL_VirchowMidnight_p1000_bs32_original_None,0.6455887340571091,0.05572364031612864,0.6455887340571091,0.05572364031612864,5
Clinical_SNN_None_p0_bsFull_original_one_hot,0.6152631876672991,0.04963283726743718,0.6152631876672991,0.04963283726743718,5
EarlyEnsemble_Fusion_Naive_ABMIL_VirchowMidnight_p1000_bsFull_original_label_enc,0.6500214407864325,0.04941638579657063,0.6500214407864325,0.04941638579657063,5
Fusion_Naive_TransMIL_UNI_p100_bsFull_original_label_enc,0.6663714766237385,0.0420887796347634,0.6663714766237385,0.0420887796347634,5
Fusion_Smart_MeanMIL_UNI_p1000_bsFull_original_one_hot,0.6601330780925135,0.05144400674904955,0.6601330780925135,0.05144400674904955,5
EarlyEnsemble_Fusion_Smart_ABMIL_VirchowMidnight_p100_bsFull_original_label_enc,0.6525011796876006,0.04962812569458105,0.6525011796876006,0.04962812569458105,5
WSI_ABMIL_Midnight_p1000_bs32_original_None,0.640642545464748,0.08339256071216126,0.640642545464748,0.08339256071216126,5
Fusion_Smart_TransMIL_Virchow_p1000_bsFull_original_one_hot,0.6435870088471438,0.048140033607508216,0.6435870088471438,0.048140033607508216,5
TSOnly_WSI_MeanMIL_Midnight_p4000_bs32_original_None,0.6212624979653979,0.040179232339683915,0.6212624979653979,0.040179232339683915,5
LossComp_ranking_Fusion_Smart_TransMIL_UNI_p4000_bsFull_original_label_enc,0.6822069215245513,0.02775512441507125,0.6822069215245513,0.02775512441507125,5
Fusion_Naive_MeanMIL_Virchow_p1000_bsFull_binary_label_enc,0.6438292031581815,0.05098738625408668,0.6438292031581815,0.05098738625408668,5
EarlyEnsemble_Fusion_Naive_TransMIL_VirchowMidnight_p1000_bsFull_binary_one_hot,0.6384067283129446,0.05391232788376145,0.6384067283129446,0.05391232788376145,5
Fusion_Naive_ABMIL_Virchow_p1000_bs32_original_label_enc,0.6544380193245772,0.03623944047045023,0.6544380193245772,0.03623944047045023,5
Fusion_Smart_ABMIL_Virchow_p4000_bsFull_original_label_enc,0.6522688555985163,0.0435347915872062,0.6522688555985163,0.0435347915872062,5
WSI_MeanMIL_UNI_p4000_bsFull_binary_None,0.659313243794648,0.06019089581549169,0.659313243794648,0.06019089581549169,5
Fusion_Smart_MeanMIL_Virchow_p4000_bsFull_binary_label_enc,0.6526572390564764,0.04242364550478763,0.6526572390564764,0.04242364550478763,5
EarlyEnsemble_Fusion_Smart_MeanMIL_VirchowMidnight_p100_bsFull_binary_label_enc,0.671559863484364,0.04369778231633631,0.671559863484364,0.04369778231633631,5
Fusion_Naive_ABMIL_Midnight_p1000_bsFull_original_one_hot,0.6482236765786825,0.07130168538082121,0.6482236765786825,0.07130168538082121,5
EarlyEnsemble_WSI_TransMIL_VirchowMidnight_p4000_bsFull_binary_None,0.6217909879909254,0.0416755293057142,0.6217909879909254,0.0416755293057142,5
Fusion_Smart_ABMIL_Midnight_p4000_bsFull_original_label_enc,0.6444078455297081,0.07643141437200615,0.6444078455297081,0.07643141437200615,5
Fusion_Naive_ABMIL_Virchow_p100_bsFull_original_one_hot,0.6433452843689512,0.04927782477946284,0.6433452843689512,0.04927782477946284,5
TSOnly_Fusion_Smart_MeanMIL_UNI_p4000_bs32_binary_one_hot,0.6587925115398812,0.03951214418736069,0.6587925115398812,0.03951214418736069,5
Fusion_Naive_ABMIL_Midnight_p4000_bs32_binary_one_hot,0.6274231578458765,0.07058135400691543,0.6274231578458765,0.07058135400691543,5
Fusion_Smart_MeanMIL_UNI_p100_bsFull_binary_label_enc,0.6658840399372099,0.041396044598131086,0.6658840399372099,0.041396044598131086,5
Fusion_Naive_MeanMIL_Virchow_p4000_bsFull_original_label_enc,0.6390211752235713,0.049811012409462375,0.6390211752235713,0.049811012409462375,5
WSI_TransMIL_Midnight_p1000_bs32_original_None,0.6365895049095852,0.07541114436661638,0.6365895049095852,0.07541114436661638,5
Fusion_Smart_ABMIL_Midnight_p1000_bs32_original_one_hot,0.6616894890671123,0.0702934780942379,0.6616894890671123,0.0702934780942379,5
Fusion_Smart_MeanMIL_Midnight_p100_bsFull_binary_one_hot,0.6609343560027534,0.059372832766901217,0.6609343560027534,0.059372832766901217,5
WSI_ABMIL_Virchow_p100_bsFull_binary_None,0.656068360595566,0.04719863405333739,0.656068360595566,0.04719863405333739,5
WSI_ABMIL_Midnight_p4000_bs32_binary_None,0.6461648435545344,0.07235385671104444,0.6461648435545344,0.07235385671104444,5
WSI_ABMIL_Virchow_p1000_bsFull_binary_None,0.6551885601925166,0.052931650217208324,0.6551885601925166,0.052931650217208324,5
Fusion_Naive_TransMIL_Virchow_p100_bs32_original_one_hot,0.6581365251544831,0.057369509581530906,0.6581365251544831,0.057369509581530906,5
WSI_TransMIL_Midnight_p100_bs32_binary_None,0.6546959797806698,0.06548253912553188,0.6546959797806698,0.06548253912553188,5
EarlyEnsemble_Fusion_Smart_TransMIL_VirchowMidnight_p1000_bs32_original_one_hot,0.647562314815006,0.05345443434843413,0.647562314815006,0.05345443434843413,5
EarlyEnsemble_Fusion_Naive_TransMIL_VirchowMidnight_p4000_bs32_original_one_hot,0.640358584395402,0.04274819907455085,0.640358584395402,0.04274819907455085,5
Fusion_Naive_TransMIL_Virchow_p100_bsFull_binary_one_hot,0.657537443511627,0.05590046061526548,0.657537443511627,0.05590046061526548,5
Fusion_Smart_ABMIL_Midnight_p4000_bs32_original_one_hot,0.6437302635949955,0.06498824761404981,0.6437302635949955,0.06498824761404981,5
Fusion_Smart_ABMIL_Midnight_p4000_bs32_binary_label_enc,0.6417950564742653,0.07497650456579846,0.6417950564742653,0.07497650456579846,5
Fusion_Naive_MeanMIL_Virchow_p4000_bsFull_binary_label_enc,0.6405739768123286,0.05205153494110414,0.6405739768123286,0.05205153494110414,5
Fusion_Naive_TransMIL_UNI_p4000_bs32_original_label_enc,0.6702736548440515,0.035734398935266545,0.6702736548440515,0.035734398935266545,5
EarlyEnsemble_WSI_ABMIL_VirchowMidnight_p100_bs32_original_None,0.6578603028602317,0.04744491196190405,0.6578603028602317,0.04744491196190405,5
WSI_ABMIL_Virchow_p1000_bs32_original_None,0.6518115358856351,0.053012786284483714,0.6518115358856351,0.053012786284483714,5
EarlyEnsemble_Fusion_Naive_MeanMIL_VirchowMidnight_p1000_bsFull_original_one_hot,0.6519483079351016,0.05270061373504659,0.6519483079351016,0.05270061373504659,5
Fusion_Naive_MeanMIL_Midnight_p1000_bs32_binary_one_hot,0.6497715831218505,0.0804953730999879,0.6497715831218505,0.0804953730999879,5
EarlyEnsemble_Fusion_Smart_ABMIL_VirchowMidnight_p4000_bsFull_binary_one_hot,0.6504402899977949,0.04350913132456591,0.6504402899977949,0.04350913132456591,5
LossComp_ranking_Fusion_Naive_MeanMIL_Midnight_p4000_bsFull_binary_one_hot,0.6486398737299005,0.06717921462422978,0.6486398737299005,0.06717921462422978,5
EarlyEnsemble_WSI_MeanMIL_VirchowMidnight_p4000_bs32_binary_None,0.6357722734943229,0.056010021688348254,0.6357722734943229,0.056010021688348254,5
LossComp_logistic_hazard_Fusion_Naive_ABMIL_Midnight_p1000_bs32_binary_one_hot,0.6438070436135487,0.052312146160830686,0.6438070436135487,0.052312146160830686,5
EarlyEnsemble_Fusion_Naive_MeanMIL_VirchowMidnight_p1000_bsFull_binary_label_enc,0.646988167467464,0.052773369854588977,0.646988167467464,0.052773369854588977,5
Fusion_Naive_ABMIL_Midnight_p100_bs32_binary_label_enc,0.6489647878790052,0.071819400130522,0.6489647878790052,0.071819400130522,5
EarlyEnsemble_WSI_TransMIL_VirchowMidnight_p1000_bs32_original_None,0.640274519976874,0.059293670636935636,0.640274519976874,0.059293670636935636,5
Fusion_Naive_MeanMIL_Midnight_p4000_bs32_binary_one_hot,0.6485414142534733,0.06771650222580475,0.6485414142534733,0.06771650222580475,5
Fusion_Naive_MeanMIL_UNI_p100_bsFull_original_label_enc,0.6587516769410017,0.04514159245450082,0.6587516769410017,0.04514159245450082,5
WSI_ABMIL_Midnight_p4000_bs32_original_None,0.6430538577035564,0.0713037096962388,0.6430538577035564,0.0713037096962388,5
Fusion_Smart_MeanMIL_Virchow_p1000_bs32_original_one_hot,0.6468304847524957,0.0464789525025482,0.6468304847524957,0.0464789525025482,5
WSI_MeanMIL_UNI_p1000_bsFull_binary_None,0.6500580028769267,0.04326035517792613,0.6500580028769267,0.04326035517792613,5
EarlyEnsemble_Fusion_Naive_MeanMIL_VirchowMidnight_p1000_bs32_binary_one_hot,0.6431812956573053,0.050310202025260244,0.6431812956573053,0.050310202025260244,5
Fusion_Smart_MeanMIL_UNI_p4000_bs32_binary_one_hot,0.6717453332796907,0.06005509920415837,0.6717453332796907,0.06005509920415837,5
WSI_MeanMIL_Virchow_p1000_bs32_binary_None,0.6292707700869163,0.04044065192386138,0.6292707700869163,0.04044065192386138,5
EarlyEnsemble_Fusion_Smart_ABMIL_VirchowMidnight_p100_bs32_original_one_hot,0.6492483010676352,0.04599568629459587,0.6492483010676352,0.04599568629459587,5
Fusion_Smart_TransMIL_Virchow_p100_bsFull_original_label_enc,0.6693616489751273,0.04366090224708142,0.6693616489751273,0.04366090224708142,5
EarlyEnsemble_Fusion_Smart_MeanMIL_VirchowMidnight_p1000_bs32_original_one_hot,0.6509814375626789,0.05092621051998958,0.6509814375626789,0.05092621051998958,5
EarlyEnsemble_Fusion_Naive_TransMIL_VirchowMidnight_p1000_bs32_binary_one_hot,0.648757118538351,0.05267988280308073,0.648757118538351,0.05267988280308073,5
Fusion_Smart_ABMIL_Virchow_p1000_bs32_binary_one_hot,0.6506383489919432,0.04069129153659556,0.6506383489919432,0.04069129153659556,5
WSI_MeanMIL_UNI_p1000_bs32_binary_None,0.6532941333923992,0.04553243155778991,0.6532941333923992,0.04553243155778991,5
EarlyEnsemble_Fusion_Smart_MeanMIL_VirchowMidnight_p4000_bsFull_original_one_hot,0.6395291402546743,0.046581045581042445,0.6395291402546743,0.046581045581042445,5
Fusion_Smart_ABMIL_Virchow_p100_bs32_original_label_enc,0.6748226305787334,0.05560174615587573,0.6748226305787334,0.05560174615587573,5
Fusion_Smart_TransMIL_Virchow_p4000_bsFull_original_one_hot,0.6440698485790747,0.034903567372459386,0.6440698485790747,0.034903567372459386,5
Fusion_Naive_MeanMIL_UNI_p4000_bs32_binary_label_enc,0.6608011033713148,0.06057316918483039,0.6608011033713148,0.06057316918483039,5
Fusion_Smart_MeanMIL_Virchow_p100_bsFull_original_label_enc,0.6713232475238169,0.04179010759283835,0.6713232475238169,0.04179010759283835,5
Fusion_Smart_ABMIL_Virchow_p100_bs32_original_one_hot,0.6615355005422067,0.04455797199312486,0.6615355005422067,0.04455797199312486,5
EarlyEnsemble_Fusion_Naive_TransMIL_VirchowMidnight_p100_bs32_original_one_hot,0.6585762103275531,0.05928770378306979,0.6585762103275531,0.05928770378306979,5
Fusion_Smart_ABMIL_UNI_p1000_bsFull_binary_label_enc,0.6705110142221538,0.04949800546472647,0.6705110142221538,0.04949800546472647,5
Fusion_Smart_ABMIL_Midnight_p100_bs32_original_label_enc,0.6687594768150286,0.05432116511427001,0.6687594768150286,0.05432116511427001,5
EarlyEnsemble_Fusion_Naive_ABMIL_VirchowMidnight_p4000_bsFull_original_label_enc,0.6449746316860678,0.04813440454552479,0.6449746316860678,0.04813440454552479,5
Fusion_Naive_ABMIL_Midnight_p4000_bsFull_original_label_enc,0.6260599186757064,0.07086277891845494,0.6260599186757064,0.07086277891845494,5
Fusion_Smart_ABMIL_Virchow_p1000_bs32_original_one_hot,0.6562049392714289,0.0402085864726753,0.6562049392714289,0.0402085864726753,5
Fusion_Naive_MeanMIL_Virchow_p4000_bsFull_binary_one_hot,0.6433827911363756,0.05318477503637557,0.6433827911363756,0.05318477503637557,5
WSI_ABMIL_Midnight_p4000_bsFull_original_None,0.6331406353207355,0.06592045763562428,0.6331406353207355,0.06592045763562428,5
Fusion_Naive_ABMIL_UNI_p4000_bsFull_original_label_enc,0.6599620183929223,0.05346070144150073,0.6599620183929223,0.05346070144150073,5
Fusion_Smart_TransMIL_UNI_p4000_bs32_binary_one_hot,0.6848229766641717,0.0315081418858711,0.6848229766641717,0.0315081418858711,5
Fusion_Naive_ABMIL_Midnight_p4000_bsFull_binary_label_enc,0.6357924631662213,0.06903180557588898,0.6357924631662213,0.06903180557588898,5
TSOnly_Fusion_Naive_ABMIL_Midnight_p1000_bs32_original_one_hot,0.6405316975467734,0.030332238424987282,0.6405316975467734,0.030332238424987282,5
Fusion_Smart_MeanMIL_Midnight_p1000_bs32_binary_label_enc,0.6659171023730427,0.07386919253072836,0.6659171023730427,0.07386919253072836,5
Fusion_Smart_ABMIL_Virchow_p100_bsFull_binary_label_enc,0.6672551391278224,0.04780815032089554,0.6672551391278224,0.04780815032089554,5
WSI_MeanMIL_UNI_p100_bs32_binary_None,0.6637813703644043,0.045752271016624366,0.6637813703644043,0.045752271016624366,5
Fusion_Naive_MeanMIL_Midnight_p100_bsFull_binary_one_hot,0.6453818382977333,0.06380369572273013,0.6453818382977333,0.06380369572273013,5
Fusion_Smart_TransMIL_Virchow_p100_bs32_original_label_enc,0.6670784510838691,0.060416620708091215,0.6670784510838691,0.060416620708091215,5
Fusion_Naive_MeanMIL_Midnight_p100_bs32_original_label_enc,0.6517712382368069,0.06833643431819843,0.6517712382368069,0.06833643431819843,5
LossComp_logistic_hazard_Fusion_Smart_TransMIL_UNI_p4000_bs32_original_label_enc,0.6574284208884289,0.05657015008857452,0.6574284208884289,0.05657015008857452,5
Fusion_Naive_MeanMIL_Midnight_p4000_bs32_original_label_enc,0.6396213590598255,0.06775740354043082,0.6396213590598255,0.06775740354043082,5
WSI_ABMIL_UNI_p100_bs32_original_None,0.654227726310998,0.03866280244747958,0.654227726310998,0.03866280244747958,5
Fusion_Naive_TransMIL_UNI_p1000_bs32_original_label_enc,0.6439732158618388,0.056579567527184835,0.6439732158618388,0.056579567527184835,5
EarlyEnsemble_Fusion_Naive_TransMIL_VirchowMidnight_p100_bsFull_original_one_hot,0.6576539869526227,0.053500866547913896,0.6576539869526227,0.053500866547913896,5
EarlyEnsemble_Fusion_Naive_MeanMIL_VirchowMidnight_p100_bs32_binary_one_hot,0.6539750023444292,0.04670277741412556,0.6539750023444292,0.04670277741412556,5
Fusion_Naive_MeanMIL_Virchow_p1000_bs32_original_label_enc,0.6534569525280285,0.052347039858861466,0.6534569525280285,0.052347039858861466,5
EarlyEnsemble_Fusion_Naive_TransMIL_VirchowMidnight_p1000_bs32_original_one_hot,0.6312459592725143,0.05346269784767142,0.6312459592725143,0.05346269784767142,5
Fusion_Naive_MeanMIL_Midnight_p1000_bs32_original_one_hot,0.6442487743145031,0.07538368918454738,0.6442487743145031,0.07538368918454738,5
WSI_MeanMIL_Virchow_p1000_bsFull_binary_None,0.6380526441405195,0.05317522691460537,0.6380526441405195,0.05317522691460537,5
Fusion_Naive_MeanMIL_UNI_p4000_bsFull_original_one_hot,0.6607740366997985,0.06055097306099588,0.6607740366997985,0.06055097306099588,5
Fusion_Naive_MeanMIL_Midnight_p4000_bsFull_original_one_hot,0.6438780180288728,0.06866317824216275,0.6438780180288728,0.06866317824216275,5
WSI_MeanMIL_Midnight_p1000_bsFull_original_None,0.6305488752503473,0.07463092631528631,0.6305488752503473,0.07463092631528631,5
Fusion_Naive_MeanMIL_Midnight_p4000_bsFull_original_label_enc,0.6495036468531703,0.07037164780000897,0.6495036468531703,0.07037164780000897,5
Fusion_Naive_MeanMIL_UNI_p100_bs32_original_one_hot,0.6676323006511833,0.036245421817789655,0.6676323006511833,0.036245421817789655,5
Fusion_Naive_TransMIL_UNI_p4000_bs32_binary_label_enc,0.6688632987690648,0.033853440051939604,0.6688632987690648,0.033853440051939604,5
Fusion_Naive_MeanMIL_UNI_p100_bs32_original_label_enc,0.6669451864675424,0.0425493320876549,0.6669451864675424,0.0425493320876549,5
EarlyEnsemble_Fusion_Smart_ABMIL_VirchowMidnight_p1000_bsFull_original_label_enc,0.6615986864575698,0.05279112649624886,0.6615986864575698,0.05279112649624886,5
Fusion_Smart_ABMIL_Virchow_p100_bs32_binary_one_hot,0.6612207688350938,0.05406812148297266,0.6612207688350938,0.05406812148297266,5
Fusion_Smart_ABMIL_UNI_p1000_bsFull_original_label_enc,0.6678693671608678,0.04586053807001078,0.6678693671608678,0.04586053807001078,5
LossComp_logistic_hazard_Fusion_Naive_ABMIL_UNI_p1000_bs32_binary_one_hot,0.6341012819918802,0.05314797026127809,0.6341012819918802,0.05314797026127809,5
EarlyEnsemble_WSI_MeanMIL_VirchowMidnight_p1000_bsFull_binary_None,0.6271290170161561,0.05226737936984114,0.6271290170161561,0.05226737936984114,5
Fusion_Naive_TransMIL_Midnight_p1000_bs32_original_one_hot,0.6477572991839542,0.07382946388275494,0.6477572991839542,0.07382946388275494,5
EarlyEnsemble_Fusion_Smart_ABMIL_VirchowMidnight_p4000_bsFull_original_one_hot,0.6513943006033363,0.052426777108834345,0.6513943006033363,0.052426777108834345,5
Fusion_Smart_TransMIL_Virchow_p4000_bs32_binary_label_enc,0.6449373393690553,0.032526167429660496,0.6449373393690553,0.032526167429660496,5
LossComp_ranking_WSI_TransMIL_UNI_p4000_bs32_original_None,0.6652117116414369,0.03367441998505393,0.6652117116414369,0.03367441998505393,5
Fusion_Smart_TransMIL_Virchow_p100_bsFull_binary_one_hot,0.6609932036742284,0.04993484706818297,0.6609932036742284,0.04993484706818297,5
EarlyEnsemble_Fusion_Naive_MeanMIL_VirchowMidnight_p1000_bs32_original_one_hot,0.6493745351040184,0.055719704988999384,0.6493745351040184,0.055719704988999384,5
EarlyEnsemble_Fusion_Naive_TransMIL_VirchowMidnight_p1000_bs32_original_label_enc,0.6437210420212658,0.059166587424312446,0.6437210420212658,0.059166587424312446,5
EarlyEnsemble_Fusion_Smart_TransMIL_VirchowMidnight_p100_bsFull_original_one_hot,0.6511541004685624,0.05718746801269341,0.6511541004685624,0.05718746801269341,5
Fusion_Naive_ABMIL_Virchow_p4000_bsFull_original_label_enc,0.6604255953745618,0.051857917413118626,0.6604255953745618,0.051857917413118626,5
EarlyEnsemble_Fusion_Naive_ABMIL_VirchowMidnight_p1000_bsFull_original_one_hot,0.658644261339739,0.049124197421724414,0.658644261339739,0.049124197421724414,5
Fusion_Smart_MeanMIL_Virchow_p1000_bsFull_binary_one_hot,0.6418423249532611,0.05172483473452288,0.6418423249532611,0.05172483473452288,5
EarlyEnsemble_Fusion_Naive_TransMIL_VirchowMidnight_p1000_bsFull_original_one_hot,0.6324200902680188,0.05194092813000048,0.6324200902680188,0.05194092813000048,5
EarlyEnsemble_Fusion_Naive_MeanMIL_VirchowMidnight_p4000_bs32_binary_label_enc,0.6404587436172692,0.05705281704651643,0.6404587436172692,0.05705281704651643,5
Fusion_Naive_TransMIL_UNI_p1000_bsFull_binary_one_hot,0.6604263543540803,0.038799917230520356,0.6604263543540803,0.038799917230520356,5
Fusion_Naive_TransMIL_Virchow_p1000_bs32_original_label_enc,0.6344178623081664,0.05599237002932782,0.6344178623081664,0.05599237002932782,5
EarlyEnsemble_Fusion_Naive_ABMIL_VirchowMidnight_p1000_bsFull_binary_one_hot,0.6630242814850995,0.05298325087781453,0.6630242814850995,0.05298325087781453,5
Fusion_Naive_TransMIL_UNI_p1000_bs32_original_one_hot,0.6621339206537196,0.038885815967268776,0.6621339206537196,0.038885815967268776,5
EarlyEnsemble_Fusion_Naive_ABMIL_VirchowMidnight_p4000_bs32_original_label_enc,0.6458852264465716,0.06736105755415128,0.6458852264465716,0.06736105755415128,5
Fusion_Smart_ABMIL_Midnight_p1000_bs32_binary_label_enc,0.6623147131291542,0.07790511420751194,0.6623147131291542,0.07790511420751194,5
Fusion_Smart_TransMIL_Virchow_p100_bsFull_binary_label_enc,0.6579213235097046,0.04611822984146024,0.6579213235097046,0.04611822984146024,5
LossComp_logistic_hazard_WSI_TransMIL_UNI_p4000_bs32_original_None,0.6542648211504162,0.024783055065009926,0.6542648211504162,0.024783055065009926,5
Fusion_Smart_MeanMIL_Virchow_p4000_bsFull_original_one_hot,0.6462903056904653,0.045285137956525924,0.6462903056904653,0.045285137956525924,5
Fusion_Naive_MeanMIL_Midnight_p100_bs32_binary_one_hot,0.6519082672560959,0.06620097699089643,0.6519082672560959,0.06620097699089643,5
EarlyEnsemble_Fusion_Naive_ABMIL_VirchowMidnight_p4000_bs32_binary_label_enc,0.6461531251790315,0.04534785818754157,0.6461531251790315,0.04534785818754157,5
Fusion_Smart_TransMIL_Midnight_p1000_bsFull_binary_label_enc,0.6645373033799536,0.054744892994666075,0.6645373033799536,0.054744892994666075,5
SampleEff_50pct_WSI_MeanMIL_Virchow_p1000_bsFull_original,0.6227339433434582,0.06902625945736672,0.6227339433434582,0.06902625945736672,5
WSI_ABMIL_UNI_p100_bsFull_original_None,0.6558808336703257,0.034583864228519744,0.6558808336703257,0.034583864228519744,5
Fusion_Smart_TransMIL_UNI_p1000_bsFull_binary_one_hot,0.6739690392808164,0.039046651977274555,0.6739690392808164,0.039046651977274555,5
LossComp_ranking_Fusion_Smart_MeanMIL_UNI_p100_bsFull_original_label_enc,0.6650390557355195,0.035698358840254574,0.6650390557355195,0.035698358840254574,5
Fusion_Naive_ABMIL_Virchow_p4000_bs32_original_one_hot,0.6512878695745684,0.05314046658531581,0.6512878695745684,0.05314046658531581,5
Fusion_Naive_ABMIL_UNI_p100_bs32_binary_one_hot,0.6605369834894252,0.04201649369867847,0.6605369834894252,0.04201649369867847,5
Fusion_Naive_TransMIL_UNI_p1000_bs32_binary_one_hot,0.6617449628723213,0.028759498672928128,0.6617449628723213,0.028759498672928128,5
EarlyEnsemble_Fusion_Smart_ABMIL_VirchowMidnight_p4000_bs32_binary_label_enc,0.6540668601920459,0.05650802745148338,0.6540668601920459,0.05650802745148338,5
Fusion_Naive_MeanMIL_UNI_p1000_bsFull_original_one_hot,0.6550774317551363,0.0302071495115928,0.6550774317551363,0.0302071495115928,5
Fusion_Smart_ABMIL_Midnight_p1000_bsFull_binary_one_hot,0.6603350247633015,0.06552456475969216,0.6603350247633015,0.06552456475969216,5
Fusion_Naive_TransMIL_Midnight_p4000_bsFull_original_one_hot,0.654710018066919,0.07207245160935503,0.654710018066919,0.07207245160935503,5
EarlyEnsemble_Fusion_Naive_ABMIL_VirchowMidnight_p4000_bsFull_binary_one_hot,0.6498948993182346,0.058615678039421845,0.6498948993182346,0.058615678039421845,5
EarlyEnsemble_Fusion_Naive_MeanMIL_VirchowMidnight_p100_bsFull_original_one_hot,0.657136082707342,0.05596193185887879,0.657136082707342,0.05596193185887879,5
LossComp_logistic_hazard_Fusion_Smart_TransMIL_UNI_p1000_bsFull_original_label_enc,0.6473667448863263,0.0557161847463165,0.6473667448863263,0.0557161847463165,5
Fusion_Smart_ABMIL_Midnight_p100_bsFull_original_one_hot,0.6666245521973562,0.06717499563305716,0.6666245521973562,0.06717499563305716,5
Fusion_Naive_ABMIL_Midnight_p4000_bs32_binary_label_enc,0.6302729854153053,0.07244321955676401,0.6302729854153053,0.07244321955676401,5
EarlyEnsemble_WSI_TransMIL_VirchowMidnight_p4000_bs32_original_None,0.6154359914969765,0.05349196880300408,0.6154359914969765,0.05349196880300408,5
Fusion_Naive_ABMIL_Midnight_p1000_bsFull_binary_one_hot,0.6386978981269342,0.07455257200124413,0.6386978981269342,0.07455257200124413,5
Fusion_Smart_TransMIL_Midnight_p100_bs32_binary_one_hot,0.6712376991793935,0.06047498243560787,0.6712376991793935,0.06047498243560787,5
LossComp_ranking_Fusion_Smart_TransMIL_UNI_p1000_bsFull_original_label_enc,0.6666622415115517,0.0329046045435744,0.6666622415115517,0.0329046045435744,5
EarlyEnsemble_Fusion_Smart_TransMIL_VirchowMidnight_p4000_bsFull_binary_one_hot,0.6288952665587925,0.04556142030321555,0.6288952665587925,0.04556142030321555,5
WSI_TransMIL_UNI_p4000_bsFull_original_None,0.6588617817980479,0.03245684781062432,0.6588617817980479,0.03245684781062432,5
Fusion_Naive_MeanMIL_Virchow_p1000_bsFull_binary_one_hot,0.6369460894657275,0.04220986972063266,0.6369460894657275,0.04220986972063266,5
EarlyEnsemble_WSI_ABMIL_VirchowMidnight_p1000_bs32_binary_None,0.6505864194595502,0.04614971746587653,0.6505864194595502,0.04614971746587653,5
Fusion_Smart_TransMIL_Midnight_p100_bsFull_original_label_enc,0.6727769303684645,0.06739835623185698,0.6727769303684645,0.06739835623185698,5
Fusion_Smart_MeanMIL_Virchow_p4000_bsFull_binary_one_hot,0.64078552879553,0.03732203832126143,0.64078552879553,0.03732203832126143,5
Fusion_Naive_MeanMIL_Virchow_p100_bs32_original_label_enc,0.6561236261076907,0.052190140112996136,0.6561236261076907,0.052190140112996136,5
Fusion_Naive_ABMIL_Midnight_p100_bs32_binary_one_hot,0.6495206861481372,0.07693301231208118,0.6495206861481372,0.07693301231208118,5
Fusion_Smart_TransMIL_UNI_p100_bsFull_original_one_hot,0.6606965254707031,0.04233641182232107,0.6606965254707031,0.04233641182232107,5
Fusion_Naive_ABMIL_UNI_p100_bs32_original_label_enc,0.6594496061576545,0.04459040357293585,0.6594496061576545,0.04459040357293585,5
EarlyEnsemble_Fusion_Smart_MeanMIL_VirchowMidnight_p100_bs32_original_one_hot,0.6611997385493023,0.05072581732679039,0.6611997385493023,0.05072581732679039,5
LossComp_ranking_Fusion_Naive_ABMIL_Midnight_p1000_bs32_original_label_enc,0.6429124548880012,0.07105692344244938,0.6429124548880012,0.07105692344244938,5
WSI_ABMIL_UNI_p100_bsFull_binary_None,0.6583782898380084,0.0403810812858673,0.6583782898380084,0.0403810812858673,5
EarlyEnsemble_Fusion_Smart_TransMIL_VirchowMidnight_p4000_bsFull_original_one_hot,0.6234815342853167,0.03500162778859069,0.6234815342853167,0.03500162778859069,5
WSI_TransMIL_Midnight_p100_bs32_original_None,0.655361327874523,0.06452129324849072,0.655361327874523,0.06452129324849072,5
Fusion_Smart_TransMIL_UNI_p1000_bs32_binary_label_enc,0.6678725243572181,0.039954649429141564,0.6678725243572181,0.039954649429141564,5
Fusion_Naive_TransMIL_UNI_p100_bsFull_original_one_hot,0.6508548208356717,0.05536695947324748,0.6508548208356717,0.05536695947324748,5
Fusion_Naive_TransMIL_UNI_p4000_bsFull_original_one_hot,0.6695010171117508,0.039268242980647385,0.6695010171117508,0.039268242980647385,5
LossComp_logistic_hazard_Fusion_Naive_MeanMIL_UNI_p4000_bsFull_binary_one_hot,0.6095813119138217,0.047357466362365305,0.6095813119138217,0.047357466362365305,5
EarlyEnsemble_Fusion_Naive_MeanMIL_VirchowMidnight_p4000_bs32_original_one_hot,0.6368281692343079,0.0508218646143037,0.6368281692343079,0.0508218646143037,5
Fusion_Smart_TransMIL_Virchow_p4000_bs32_binary_one_hot,0.6411277818639112,0.04752748799014061,0.6411277818639112,0.04752748799014061,5
Fusion_Naive_MeanMIL_UNI_p4000_bs32_original_label_enc,0.6611830667639359,0.05757113849483429,0.6611830667639359,0.05757113849483429,5
EarlyEnsemble_WSI_ABMIL_VirchowMidnight_p100_bsFull_binary_None,0.6485345001933718,0.05839821391331524,0.6485345001933718,0.05839821391331524,5
WSI_MeanMIL_UNI_p100_bs32_original_None,0.6581735677784749,0.03852931842283133,0.6581735677784749,0.03852931842283133,5
EarlyEnsemble_Fusion_Smart_TransMIL_VirchowMidnight_p4000_bs32_binary_one_hot,0.6200156652324988,0.03925199641458749,0.6200156652324988,0.03925199641458749,5
Fusion_Naive_ABMIL_UNI_p1000_bs32_original_label_enc,0.6607111954447198,0.04097034893008695,0.6607111954447198,0.04097034893008695,5
EarlyEnsemble_WSI_TransMIL_VirchowMidnight_p100_bsFull_binary_None,0.6584580147175976,0.0646684619450201,0.6584580147175976,0.0646684619450201,5
WSI_TransMIL_Midnight_p1000_bsFull_original_None,0.6482854955793209,0.07287923206784137,0.6482854955793209,0.07287923206784137,5
Fusion_Smart_ABMIL_Virchow_p4000_bsFull_binary_one_hot,0.6435596247650621,0.0421279683424767,0.6435596247650621,0.0421279683424767,5
Fusion_Naive_TransMIL_UNI_p100_bs32_binary_one_hot,0.6682301523400969,0.03620761979370115,0.6682301523400969,0.03620761979370115,5
Fusion_Smart_MeanMIL_Virchow_p4000_bs32_binary_one_hot,0.6433005514140049,0.054472597313816616,0.6433005514140049,0.054472597313816616,5
Fusion_Smart_MeanMIL_UNI_p4000_bsFull_binary_one_hot,0.6610168895943185,0.05591844197718788,0.6610168895943185,0.05591844197718788,5
WSI_TransMIL_Virchow_p1000_bsFull_binary_None,0.627246148748689,0.04134283343247903,0.627246148748689,0.04134283343247903,5
Fusion_Naive_MeanMIL_UNI_p100_bs32_binary_one_hot,0.6635522667234224,0.039671925995508735,0.6635522667234224,0.039671925995508735,5
Fusion_Naive_TransMIL_Midnight_p100_bsFull_original_label_enc,0.655361321936117,0.06390615055523138,0.655361321936117,0.06390615055523138,5
Fusion_Smart_MeanMIL_UNI_p4000_bsFull_binary_label_enc,0.6766143649941581,0.056550165169777,0.6766143649941581,0.056550165169777,5
EarlyEnsemble_Fusion_Naive_ABMIL_VirchowMidnight_p100_bsFull_binary_label_enc,0.6441595009157217,0.05275970266665257,0.6441595009157217,0.05275970266665257,5
Fusion_Smart_TransMIL_UNI_p100_bsFull_binary_one_hot,0.6701942209772831,0.04339265039859103,0.6701942209772831,0.04339265039859103,5
Fusion_Naive_ABMIL_UNI_p1000_bs32_original_one_hot,0.6510826138340404,0.04429230538698137,0.6510826138340404,0.04429230538698137,5
WSI_MeanMIL_Virchow_p4000_bs32_original_None,0.6354253210391722,0.054783607570386035,0.6354253210391722,0.054783607570386035,5
LossComp_logistic_hazard_Fusion_Smart_TransMIL_UNI_p4000_bsFull_original_label_enc,0.6492033535619248,0.04446175266359889,0.6492033535619248,0.04446175266359889,5
EarlyEnsemble_WSI_ABMIL_VirchowMidnight_p4000_bs32_binary_None,0.6457764926140708,0.04642323586092042,0.6457764926140708,0.04642323586092042,5
LossComp_ranking_Fusion_Naive_TransMIL_Midnight_p1000_bs32_binary_one_hot,0.6406455112580931,0.057085077135535414,0.6406455112580931,0.057085077135535414,5
Fusion_Naive_MeanMIL_UNI_p100_bsFull_binary_label_enc,0.6615101822090376,0.04438998267122335,0.6615101822090376,0.04438998267122335,5
WSI_TransMIL_Midnight_p100_bsFull_binary_None,0.6548027576302257,0.07301940533330722,0.6548027576302257,0.07301940533330722,5
Fusion_Smart_MeanMIL_Virchow_p100_bs32_original_label_enc,0.6736033329825843,0.03388616939650223,0.6736033329825843,0.03388616939650223,5
Fusion_Naive_TransMIL_UNI_p4000_bsFull_binary_one_hot,0.6649073719662246,0.03904324236459976,0.6649073719662246,0.03904324236459976,5
Fusion_Smart_MeanMIL_UNI_p4000_bs32_original_one_hot,0.6639370434857951,0.0593693981455081,0.6639370434857951,0.0593693981455081,5
Fusion_Smart_MeanMIL_Virchow_p4000_bs32_original_one_hot,0.6470923813015187,0.03974932101604003,0.6470923813015187,0.03974932101604003,5
Fusion_Naive_TransMIL_Midnight_p100_bs32_binary_one_hot,0.657846745173036,0.06276397029828713,0.657846745173036,0.06276397029828713,5
Fusion_Smart_TransMIL_UNI_p4000_bsFull_binary_label_enc,0.6730411442180168,0.04759873066651768,0.6730411442180168,0.04759873066651768,5
WSI_ABMIL_Virchow_p100_bsFull_original_None,0.6545811697605297,0.04067301601212545,0.6545811697605297,0.04067301601212545,5
EarlyEnsemble_Fusion_Smart_TransMIL_VirchowMidnight_p4000_bsFull_binary_label_enc,0.6340927414592052,0.03613272884569086,0.6340927414592052,0.03613272884569086,5
EarlyEnsemble_Fusion_Naive_TransMIL_VirchowMidnight_p4000_bs32_binary_label_enc,0.6344194052406531,0.04226375654276469,0.6344194052406531,0.04226375654276469,5
Fusion_Naive_MeanMIL_Virchow_p100_bs32_binary_label_enc,0.6549985356607952,0.04633020675308389,0.6549985356607952,0.04633020675308389,5
Fusion_Naive_ABMIL_UNI_p1000_bs32_binary_label_enc,0.6501998950631126,0.04604906137716813,0.6501998950631126,0.04604906137716813,5
Fusion_Naive_TransMIL_Midnight_p1000_bsFull_binary_label_enc,0.6426243097233226,0.06766261034757215,0.6426243097233226,0.06766261034757215,5
EarlyEnsemble_Fusion_Naive_TransMIL_VirchowMidnight_p100_bs32_original_label_enc,0.6578477508416988,0.059701051081938836,0.6578477508416988,0.059701051081938836,5
Fusion_Smart_TransMIL_Midnight_p1000_bs32_binary_one_hot,0.6468219550224823,0.0648209994834936,0.6468219550224823,0.0648209994834936,5
Fusion_Naive_TransMIL_Virchow_p1000_bsFull_binary_one_hot,0.6425166365665534,0.05504259896899847,0.6425166365665534,0.05504259896899847,5
TSOnly_Fusion_Naive_MeanMIL_UNI_p4000_bsFull_original_one_hot,0.6484009330127594,0.05250860042091709,0.6484009330127594,0.05250860042091709,5
Fusion_Smart_TransMIL_Midnight_p100_bsFull_original_one_hot,0.6684962999531134,0.04915682392926417,0.6684962999531134,0.04915682392926417,5
EarlyEnsemble_Fusion_Smart_TransMIL_VirchowMidnight_p100_bsFull_binary_one_hot,0.6476247433969826,0.059709648152625944,0.6476247433969826,0.059709648152625944,5
Fusion_Naive_ABMIL_Virchow_p1000_bsFull_binary_one_hot,0.6545535814325529,0.048862625372289636,0.6545535814325529,0.048862625372289636,5
WSI_ABMIL_UNI_p1000_bsFull_binary_None,0.6526681757236585,0.04828377337478615,0.6526681757236585,0.04828377337478615,5
EarlyEnsemble_Fusion_Smart_ABMIL_VirchowMidnight_p100_bs32_original_label_enc,0.6567414969510453,0.049956364047715494,0.6567414969510453,0.049956364047715494,5
LossComp_ranking_WSI_TransMIL_UNI_p1000_bsFull_original_None,0.664267394574294,0.041581252880233004,0.664267394574294,0.041581252880233004,5
Fusion_Smart_MeanMIL_Midnight_p1000_bsFull_binary_label_enc,0.6608293611540451,0.08050973663272513,0.6608293611540451,0.08050973663272513,5
EarlyEnsemble_Fusion_Smart_MeanMIL_VirchowMidnight_p100_bs32_binary_one_hot,0.6635376671861578,0.046947098579275495,0.6635376671861578,0.046947098579275495,5
EarlyEnsemble_Fusion_Naive_ABMIL_VirchowMidnight_p1000_bs32_original_one_hot,0.6519693287719709,0.0515971288476023,0.6519693287719709,0.0515971288476023,5
LossComp_logistic_hazard_Fusion_Naive_MeanMIL_Midnight_p4000_bsFull_binary_one_hot,0.611982254461618,0.05563891514332932,0.611982254461618,0.05563891514332932,5
Fusion_Naive_MeanMIL_Midnight_p4000_bs32_binary_label_enc,0.6457263671275324,0.06624844188759829,0.6457263671275324,0.06624844188759829,5
WSI_MeanMIL_Midnight_p1000_bsFull_binary_None,0.6342280871556925,0.0784315881751449,0.6342280871556925,0.0784315881751449,5
Fusion_Smart_MeanMIL_Virchow_p4000_bsFull_original_label_enc,0.649619106650543,0.049837519021981254,0.649619106650543,0.049837519021981254,5
Fusion_Naive_TransMIL_UNI_p4000_bs32_original_one_hot,0.6646893679588672,0.052861230663797644,0.6646893679588672,0.052861230663797644,5
Fusion_Smart_ABMIL_UNI_p100_bs32_binary_label_enc,0.6766390687261945,0.04845479295884869,0.6766390687261945,0.04845479295884869,5
LossComp_ranking_Fusion_Naive_MeanMIL_UNI_p1000_bs32_binary_one_hot,0.665022309979721,0.03319907789366706,0.665022309979721,0.03319907789366706,5
Fusion_Naive_TransMIL_Midnight_p1000_bsFull_original_label_enc,0.6607129990196932,0.07259515869682877,0.6607129990196932,0.07259515869682877,5
Fusion_Smart_ABMIL_Midnight_p4000_bsFull_binary_label_enc,0.6530243657710249,0.07527943475719992,0.6530243657710249,0.07527943475719992,5
Fusion_Naive_TransMIL_Midnight_p1000_bs32_binary_label_enc,0.6361085520834694,0.06052251346275575,0.6361085520834694,0.06052251346275575,5
Fusion_Smart_TransMIL_Midnight_p100_bs32_original_label_enc,0.668734129715183,0.056835335151404,0.668734129715183,0.056835335151404,5
Fusion_Smart_ABMIL_Virchow_p100_bsFull_original_one_hot,0.6610907098971293,0.052976523158948005,0.6610907098971293,0.052976523158948005,5
TSOnly_Fusion_Naive_MeanMIL_Midnight_p4000_bsFull_original_label_enc,0.6249712853620227,0.03307939830948463,0.6249712853620227,0.03307939830948463,5
Fusion_Smart_MeanMIL_UNI_p100_bs32_original_label_enc,0.6655806121213315,0.032577430552627615,0.6655806121213315,0.032577430552627615,5
EarlyEnsemble_Fusion_Naive_TransMIL_VirchowMidnight_p100_bsFull_original_label_enc,0.644787582761222,0.04730264302457817,0.644787582761222,0.04730264302457817,5
Fusion_Smart_TransMIL_Virchow_p4000_bsFull_binary_one_hot,0.6476515373591878,0.05088816438346828,0.6476515373591878,0.05088816438346828,5
Fusion_Naive_MeanMIL_Virchow_p4000_bs32_original_label_enc,0.6399284924447168,0.04896176934602865,0.6399284924447168,0.04896176934602865,5
Fusion_Naive_MeanMIL_Virchow_p100_bsFull_binary_one_hot,0.6552238460405289,0.04765005240013947,0.6552238460405289,0.04765005240013947,5
EarlyEnsemble_Fusion_Naive_TransMIL_VirchowMidnight_p1000_bsFull_binary_label_enc,0.6454593228553124,0.05303061758024893,0.6454593228553124,0.05303061758024893,5
Fusion_Smart_ABMIL_UNI_p1000_bs32_binary_one_hot,0.6566489636070229,0.04611711954891265,0.6566489636070229,0.04611711954891265,5
EarlyEnsemble_Fusion_Naive_TransMIL_VirchowMidnight_p100_bs32_binary_label_enc,0.6462621185636174,0.05041195901702736,0.6462621185636174,0.05041195901702736,5
Fusion_Naive_ABMIL_Virchow_p100_bs32_original_one_hot,0.6514350381507714,0.05079923201346446,0.6514350381507714,0.05079923201346446,5
WSI_ABMIL_Virchow_p1000_bsFull_original_None,0.6520105594649441,0.04247807339901404,0.6520105594649441,0.04247807339901404,5
Fusion_Smart_TransMIL_UNI_p4000_bs32_original_label_enc,0.6673774132259995,0.03481505156375572,0.6673774132259995,0.03481505156375572,5
Fusion_Smart_MeanMIL_Virchow_p4000_bs32_original_label_enc,0.6440908696397416,0.04956505299601451,0.6440908696397416,0.04956505299601451,5
Fusion_Smart_ABMIL_Midnight_p1000_bsFull_binary_label_enc,0.6684874531242816,0.07891453965848315,0.6684874531242816,0.07891453965848315,5
Fusion_Naive_ABMIL_Virchow_p1000_bsFull_binary_label_enc,0.6528793379633437,0.04899557599964686,0.6528793379633437,0.04899557599964686,5
Fusion_Smart_MeanMIL_Midnight_p4000_bs32_original_one_hot,0.6578606414469459,0.06132238391840806,0.6578606414469459,0.06132238391840806,5
Fusion_Naive_ABMIL_Virchow_p100_bs32_original_label_enc,0.6534995468520213,0.05502413976629635,0.6534995468520213,0.05502413976629635,5
EarlyEnsemble_Fusion_Smart_TransMIL_VirchowMidnight_p1000_bsFull_original_label_enc,0.638214516172262,0.05203658776451698,0.638214516172262,0.05203658776451698,5
WSI_MeanMIL_Midnight_p4000_bs32_binary_None,0.6396286460797936,0.06691637216955168,0.6396286460797936,0.06691637216955168,5
Clinical_SNN_None_p0_bsFull_original_label_enc,0.6275128946540824,0.05317458118103293,0.6275128946540824,0.05317458118103293,5
EarlyEnsemble_Fusion_Smart_ABMIL_VirchowMidnight_p1000_bs32_original_label_enc,0.657847302425263,0.054417198054787036,0.657847302425263,0.054417198054787036,5
Fusion_Naive_ABMIL_UNI_p100_bsFull_original_one_hot,0.6584281309949355,0.03574681242186186,0.6584281309949355,0.03574681242186186,5
Fusion_Smart_MeanMIL_Midnight_p4000_bs32_binary_label_enc,0.6583354183464175,0.06227408893779724,0.6583354183464175,0.06227408893779724,5
SampleEff_25pct_WSI_MeanMIL_UNI_p1000_bsFull_original,0.6055953170611772,0.06641799781214097,0.6055953170611772,0.06641799781214097,5
Fusion_Smart_MeanMIL_Midnight_p100_bsFull_original_one_hot,0.6614051706519227,0.06183959072738164,0.6614051706519227,0.06183959072738164,5
Fusion_Smart_TransMIL_Midnight_p4000_bs32_original_label_enc,0.6522672372141649,0.0645611942601598,0.6522672372141649,0.0645611942601598,5
Fusion_Smart_MeanMIL_Midnight_p1000_bsFull_binary_one_hot,0.6552495985297725,0.06368643710713079,0.6552495985297725,0.06368643710713079,5
WSI_TransMIL_Midnight_p4000_bsFull_binary_None,0.6313469710382006,0.060888761494655344,0.6313469710382006,0.060888761494655344,5
EarlyEnsemble_WSI_TransMIL_VirchowMidnight_p1000_bs32_binary_None,0.6278759599428596,0.04298332946823888,0.6278759599428596,0.04298332946823888,5
WSI_TransMIL_UNI_p100_bsFull_original_None,0.6579659337863817,0.039968087494147535,0.6579659337863817,0.039968087494147535,5
LossComp_logistic_hazard_Fusion_Smart_MeanMIL_UNI_p100_bsFull_original_label_enc,0.6501688484775986,0.05362632565619448,0.6501688484775986,0.05362632565619448,5
Fusion_Smart_ABMIL_UNI_p4000_bs32_binary_label_enc,0.6713275988757845,0.0532289391841853,0.6713275988757845,0.0532289391841853,5
EarlyEnsemble_Fusion_Naive_ABMIL_VirchowMidnight_p100_bs32_original_label_enc,0.6487152526092336,0.05038835472593299,0.6487152526092336,0.05038835472593299,5
WSI_TransMIL_Midnight_p4000_bs32_binary_None,0.6180659506698929,0.06503793264737821,0.6180659506698929,0.06503793264737821,5
Fusion_Naive_TransMIL_Midnight_p1000_bsFull_original_one_hot,0.6515108258489761,0.05578959929180521,0.6515108258489761,0.05578959929180521,5
Fusion_Smart_ABMIL_Midnight_p4000_bs32_binary_one_hot,0.6464778721966119,0.07574010935821895,0.6464778721966119,0.07574010935821895,5
LossComp_logistic_hazard_Fusion_Naive_TransMIL_Midnight_p1000_bs32_binary_one_hot,0.6273302975059258,0.061984771095879715,0.6273302975059258,0.061984771095879715,5
Fusion_Smart_MeanMIL_Midnight_p100_bsFull_original_label_enc,0.6650547119369692,0.06568460001991362,0.6650547119369692,0.06568460001991362,5
WSI_TransMIL_Midnight_p1000_bsFull_binary_None,0.6275266194696043,0.0727422060898606,0.6275266194696043,0.0727422060898606,5
Fusion_Smart_ABMIL_UNI_p1000_bs32_original_label_enc,0.665926454363276,0.04216568941168425,0.665926454363276,0.04216568941168425,5
Fusion_Smart_ABMIL_Virchow_p4000_bs32_binary_label_enc,0.659232500704826,0.04851746894470274,0.659232500704826,0.04851746894470274,5
EarlyEnsemble_Fusion_Naive_ABMIL_VirchowMidnight_p1000_bs32_binary_label_enc,0.6623167582809514,0.046169596660524906,0.6623167582809514,0.046169596660524906,5
Fusion_Naive_MeanMIL_Virchow_p1000_bs32_binary_label_enc,0.6466939143174867,0.051701630664364805,0.6466939143174867,0.051701630664364805,5
Fusion_Smart_ABMIL_Virchow_p4000_bsFull_original_one_hot,0.6482028908572202,0.05128707694764272,0.6482028908572202,0.05128707694764272,5
EarlyEnsemble_Fusion_Naive_MeanMIL_VirchowMidnight_p4000_bsFull_original_label_enc,0.6428854223802686,0.04510259017508005,0.6428854223802686,0.04510259017508005,5
Fusion_Smart_TransMIL_Midnight_p1000_bs32_original_one_hot,0.6747220943082758,0.05875706185264169,0.6747220943082758,0.05875706185264169,5
LossComp_ranking_Fusion_Naive_ABMIL_Midnight_p1000_bs32_original_one_hot,0.6410006848311703,0.0574979659546339,0.6410006848311703,0.0574979659546339,5
Fusion_Smart_ABMIL_Virchow_p4000_bsFull_binary_label_enc,0.6496285203407417,0.05331159824288927,0.6496285203407417,0.05331159824288927,5
EarlyEnsemble_Fusion_Naive_TransMIL_VirchowMidnight_p4000_bsFull_binary_one_hot,0.6333325343893546,0.03458315576209656,0.6333325343893546,0.03458315576209656,5
Fusion_Smart_TransMIL_Midnight_p1000_bs32_original_label_enc,0.6549542845872873,0.07252751437150229,0.6549542845872873,0.07252751437150229,5
WSI_TransMIL_Virchow_p1000_bs32_original_None,0.6432455083182027,0.04175510105457624,0.6432455083182027,0.04175510105457624,5
EarlyEnsemble_Fusion_Naive_MeanMIL_VirchowMidnight_p1000_bsFull_binary_one_hot,0.6458596546242481,0.06294179350246935,0.6458596546242481,0.06294179350246935,5
EarlyEnsemble_Fusion_Smart_TransMIL_VirchowMidnight_p4000_bs32_original_label_enc,0.6551594881781362,0.03824443449014323,0.6551594881781362,0.03824443449014323,5
Fusion_Smart_TransMIL_Virchow_p100_bsFull_original_one_hot,0.6476950128960599,0.04469896965453761,0.6476950128960599,0.04469896965453761,5
EarlyEnsemble_Fusion_Smart_ABMIL_VirchowMidnight_p4000_bsFull_original_label_enc,0.6502700030700781,0.05517068312994235,0.6502700030700781,0.05517068312994235,5
TSOnly_Fusion_Naive_MeanMIL_Midnight_p100_bsFull_binary_label_enc,0.6465099337541192,0.04046742444735381,0.6465099337541192,0.04046742444735381,5
EarlyEnsemble_Fusion_Naive_TransMIL_VirchowMidnight_p100_bsFull_binary_one_hot,0.6447635224491374,0.041996312273514816,0.6447635224491374,0.041996312273514816,5
Fusion_Naive_ABMIL_UNI_p100_bsFull_binary_one_hot,0.6595268893709325,0.047109082435037496,0.6595268893709325,0.047109082435037496,5
LossComp_ranking_Fusion_Naive_ABMIL_UNI_p1000_bs32_binary_one_hot,0.6623194555603612,0.03588418565342116,0.6623194555603612,0.03588418565342116,5
WSI_MeanMIL_Midnight_p100_bs32_original_None,0.6547656685498401,0.06918174587170056,0.6547656685498401,0.06918174587170056,5
WSI_ABMIL_Midnight_p1000_bsFull_binary_None,0.6412470144303717,0.07941181611120769,0.6412470144303717,0.07941181611120769,5
Fusion_Smart_ABMIL_Midnight_p100_bsFull_binary_label_enc,0.6738439113641261,0.07124434267772223,0.6738439113641261,0.07124434267772223,5
TSOnly_Fusion_Smart_TransMIL_Midnight_p1000_bs32_original_one_hot,0.6576104978674022,0.03546288192197276,0.6576104978674022,0.03546288192197276,5
Fusion_Smart_ABMIL_Virchow_p1000_bsFull_binary_label_enc,0.671387681902323,0.053916947625647235,0.671387681902323,0.053916947625647235,5
Fusion_Naive_ABMIL_Virchow_p100_bs32_binary_one_hot,0.6537556392048062,0.055907431322449345,0.6537556392048062,0.055907431322449345,5
Fusion_Smart_ABMIL_UNI_p100_bsFull_binary_label_enc,0.6795517225301114,0.029483982370918566,0.6795517225301114,0.029483982370918566,5
LossComp_ranking_WSI_TransMIL_UNI_p100_bsFull_original_None,0.676400105139185,0.03611446228528623,0.676400105139185,0.03611446228528623,5
Fusion_Smart_TransMIL_Midnight_p4000_bsFull_original_one_hot,0.6414710955285763,0.06776418197297521,0.6414710955285763,0.06776418197297521,5
WSI_TransMIL_UNI_p1000_bs32_binary_None,0.6562337162210469,0.03754684708790261,0.6562337162210469,0.03754684708790261,5
Fusion_Smart_MeanMIL_Virchow_p100_bsFull_binary_one_hot,0.6609269654476424,0.038508331291464686,0.6609269654476424,0.038508331291464686,5
Fusion_Naive_ABMIL_UNI_p4000_bs32_original_one_hot,0.6643054636532351,0.04598749020227515,0.6643054636532351,0.04598749020227515,5
EarlyEnsemble_Fusion_Smart_MeanMIL_VirchowMidnight_p1000_bsFull_binary_one_hot,0.6509068819607129,0.04760408580605928,0.6509068819607129,0.04760408580605928,5
Fusion_Smart_MeanMIL_Virchow_p1000_bs32_original_label_enc,0.6519151871099916,0.05469255870890283,0.6519151871099916,0.05469255870890283,5
EarlyEnsemble_Fusion_Smart_TransMIL_VirchowMidnight_p1000_bs32_binary_label_enc,0.6418901925668176,0.043898048354457424,0.6418901925668176,0.043898048354457424,5
EarlyEnsemble_Fusion_Naive_TransMIL_VirchowMidnight_p4000_bsFull_binary_label_enc,0.6457826277429283,0.05078091937764704,0.6457826277429283,0.05078091937764704,5
EarlyEnsemble_Fusion_Smart_MeanMIL_VirchowMidnight_p1000_bsFull_original_label_enc,0.6458431967615895,0.04926715289403093,0.6458431967615895,0.04926715289403093,5
EarlyEnsemble_Fusion_Smart_TransMIL_VirchowMidnight_p4000_bs32_original_one_hot,0.628880025407052,0.04641409530954222,0.628880025407052,0.04641409530954222,5
Fusion_Naive_MeanMIL_UNI_p100_bsFull_original_one_hot,0.6628035364939738,0.04665137784495417,0.6628035364939738,0.04665137784495417,5
Fusion_Smart_TransMIL_UNI_p4000_bsFull_binary_one_hot,0.6594143119087794,0.022451903351103995,0.6594143119087794,0.022451903351103995,5
Fusion_Naive_MeanMIL_UNI_p100_bsFull_binary_one_hot,0.6661649240260423,0.05284426852619274,0.6661649240260423,0.05284426852619274,5
LossComp_logistic_hazard_Fusion_Naive_ABMIL_Midnight_p1000_bs32_original_one_hot,0.6497908124603458,0.05433451490968612,0.6497908124603458,0.05433451490968612,5
Fusion_Smart_MeanMIL_UNI_p100_bs32_binary_label_enc,0.6691795427169593,0.0397283020040848,0.6691795427169593,0.0397283020040848,5
Fusion_Smart_ABMIL_UNI_p1000_bs32_binary_label_enc,0.6688973143842978,0.04227873861969605,0.6688973143842978,0.04227873861969605,5
Fusion_Smart_MeanMIL_UNI_p4000_bs32_original_label_enc,0.667542242768555,0.05447331954879637,0.667542242768555,0.05447331954879637,5
EarlyEnsemble_Fusion_Naive_TransMIL_VirchowMidnight_p4000_bsFull_original_one_hot,0.6356737479891443,0.04706108000581937,0.6356737479891443,0.04706108000581937,5
SampleEff_25pct_WSI_MeanMIL_Midnight_p1000_bsFull_original,0.5866763546031892,0.08707196714050454,0.5866763546031892,0.08707196714050454,5
Fusion_Smart_TransMIL_UNI_p4000_bs32_binary_label_enc,0.6782200662770822,0.037176932812362805,0.6782200662770822,0.037176932812362805,5
Fusion_Smart_TransMIL_Midnight_p4000_bs32_original_one_hot,0.6465520653308285,0.05535261538431884,0.6465520653308285,0.05535261538431884,5
